token_id,background,base,laces,subs
1,Changingroom,Gold,Red,Purple
2,Street,Darkblue,White,White
3,Goldenhour,Purple,Yellow,Red
4,Goldenhour,Red,White-purple,White
5,Street,Gold,Diamond,Blue
6,Street,Darkblue,Yellow,Red
7,Changingroom,Green,White,Green
8,Tunnel,Gold,Purple,Black
9,Changingroom,Red,Blue,Black
10,Changingroom,Blue,Red,Blue
11,Changingroom,Darkblue,Red,White
12,Goldenhour,Gold,White-pink,Green
13,Stadium,Blue2,Blue,Purple
14,Stadium,Darkblue,Blue,White
15,Street,Blue2,Gold,Purple
16,Changingroom,Red,White-purple,Green
17,Stadium,Green,Red,Green
18,Goldenhour,Darkblue,White-pink,Blue
19,Goldenhour,Blue2,White,Red
20,Goldenhour,Blue2,Yellow,Green
21,Goldenhour,Blue2,White-blue,White
22,Street,Darkgreen,Pink,Green
23,Street,Blue,Green,Red
24,Tunnel,Darkblue,Yellow,Red
25,Tunnel,Red,White-blue,Purple
26,Stadium,Darkgreen,Purple,Green
27,Goldenhour,Blue,White-pink,Purple
28,Stadium,Darkgreen,White,Diamond
29,Tunnel,Gold,Green,White
30,Stadium,Pink,White,White
31,Ancient,Darkgreen,White-purple,Blue
32,Goldenhour,Green,Red,White
33,Goldenhour,Darkblue,Blue,Blue
34,Stadium,Blue,Purple,Purple
35,Ancient,Blue2,White-purple,Green
36,Street,Pink,Diamond,Purple
37,Changingroom,Green,White-red,Black
38,Tunnel,Pink,White-pink,White
39,Ancient,Red,Yellow,Blue
40,Tunnel,Blue2,Blue,Red
41,Changingroom,Blue2,Yellow,Purple
42,Street,Darkblue,Purple,Blue
43,Changingroom,Green,Green,Green
44,Street,Pink,White-red,Green
45,Goldenhour,Blue,Purple,Red
46,Changingroom,Purple,Purple,Green
47,Goldenhour,Pink,White-pink,Purple
48,Tunnel,Green,Pink,Green
49,Changingroom,Darkblue,Purple,Black
50,Goldenhour,Blue2,Green,Purple
51,Goldenhour,Blue,White-purple,Black
52,Changingroom,Purple,White,Blue
53,Goldenhour,Red,Red,Black
54,Goldenhour,Green,White-pink,Red
55,Stadium,Pink,White,Red
56,Ancient,Green,Diamond,Diamond
57,Ancient,Green,Pink,Diamond
58,Changingroom,Darkgreen,Blue,Blue
59,Tunnel,Pink,Red,White
60,Stadium,Red,Yellow,Red
61,Stadium,Purple,Gold,Purple
62,Street,Blue,Green,White
63,Tunnel,Gold,Blue,Purple
64,Street,Gold,Red,Red
65,Goldenhour,Purple,White-purple,Green
66,Changingroom,Purple,Yellow,White
67,Tunnel,Pink,White,Black
68,Changingroom,Darkgreen,White-pink,Green
69,Stadium,Blue,Pink,Red
70,Goldenhour,Blue2,Red,Purple
71,Street,Darkgreen,Red,White
72,Changingroom,Green,White,Purple
73,Tunnel,Blue2,White-red,Blue
74,Stadium,Pink,Yellow,Gold
75,Stadium,Pink,White-blue,Red
76,Ancient,Blue2,White-red,Black
77,Changingroom,Darkblue,White-purple,Red
78,Tunnel,Darkgreen,Purple,Blue
79,Tunnel,Pink,Purple,Green
80,Tunnel,Red,White-pink,Purple
81,Tunnel,Darkgreen,White,Blue
82,Street,Purple,White-blue,Green
83,Changingroom,Red,Purple,White
84,Tunnel,Purple,Pink,Black
85,Goldenhour,Blue2,Purple,Black
86,Goldenhour,Blue,White-purple,White
87,Goldenhour,Pink,Diamond,Purple
88,Street,Blue,Purple,Green
89,Goldenhour,Green,Blue,White
90,Ancient,Darkblue,Yellow,Red
91,Tunnel,Purple,Red,White
92,Goldenhour,Red,White,Purple
93,Stadium,Blue2,Purple,Red
94,Street,Darkblue,White-pink,Red
95,Tunnel,Darkgreen,Yellow,Red
96,Goldenhour,Green,White-red,White
97,Goldenhour,Darkblue,White,Green
98,Tunnel,Pink,White-red,Green
99,Street,Red,White-purple,Gold
100,Goldenhour,Darkblue,Pink,White
101,Changingroom,Red,Yellow,Red
102,Tunnel,Pink,White-blue,Green
103,Street,Blue2,Yellow,Purple
104,Tunnel,Green,White-blue,Purple
105,Goldenhour,Green,White-red,Red
106,Stadium,Darkgreen,White-blue,White
107,Changingroom,Pink,White-pink,Blue
108,Street,Blue2,White-pink,Blue
109,Stadium,Darkgreen,White,Black
110,Street,Blue,White-blue,Gold
111,Changingroom,Darkgreen,White-purple,Black
112,Stadium,Green,White-pink,Green
113,Tunnel,Red,Yellow,Blue
114,Tunnel,Blue2,White-red,Green
115,Changingroom,Blue,Green,Red
116,Street,Pink,Green,Blue
117,Tunnel,Darkblue,White-purple,Black
118,Changingroom,Gold,Blue,Purple
119,Changingroom,Darkblue,White-pink,Purple
120,Ancient,Gold,Pink,Green
121,Goldenhour,Green,Green,Gold
122,Goldenhour,Green,White-blue,Diamond
123,Tunnel,Blue,Pink,White
124,Stadium,Darkgreen,White-blue,Diamond
125,Tunnel,Blue2,White-pink,White
126,Ancient,Blue,White-purple,Purple
127,Ancient,Blue,Diamond,Black
128,Changingroom,Blue,Yellow,Red
129,Tunnel,Darkblue,Green,Green
130,Street,Pink,Purple,Black
131,Street,Blue2,Purple,Purple
132,Street,Red,White-red,Black
133,Tunnel,Darkblue,Pink,Red
134,Tunnel,Purple,White-purple,Blue
135,Goldenhour,Pink,White-blue,Black
136,Stadium,Darkblue,White-purple,Black
137,Stadium,Purple,Green,Purple
138,Tunnel,Green,White-blue,White
139,Ancient,Purple,White,Blue
140,Changingroom,Red,White-red,White
141,Street,Blue2,Purple,Red
142,Goldenhour,Red,Green,White
143,Changingroom,Red,White,White
144,Street,Green,Green,Black
145,Ancient,Darkblue,Diamond,Purple
146,Changingroom,Blue,White-purple,White
147,Goldenhour,Blue2,White-purple,Purple
148,Street,Blue,Blue,Red
149,Changingroom,Green,White-blue,Black
150,Goldenhour,Darkblue,Pink,Black
151,Changingroom,Darkblue,Blue,White
152,Tunnel,Darkgreen,White-red,White
153,Goldenhour,Red,White-pink,Purple
154,Tunnel,Green,Red,Purple
155,Ancient,Darkblue,Pink,White
156,Street,Blue,White-purple,Blue
157,Goldenhour,Purple,White-blue,White
158,Changingroom,Blue2,Red,Red
159,Stadium,Darkgreen,White-pink,Purple
160,Stadium,Green,Gold,White
161,Tunnel,Blue2,White-red,White
162,Street,Purple,White,Green
163,Changingroom,Darkgreen,Purple,White
164,Tunnel,Gold,Red,Red
165,Street,Darkgreen,White-pink,Green
166,Goldenhour,Darkgreen,Green,Green
167,Street,Pink,White-purple,Purple
168,Tunnel,Blue,Yellow,Green
169,Tunnel,Blue2,Blue,Green
170,Tunnel,Blue2,Green,Blue
171,Stadium,Darkgreen,Pink,Red
172,Ancient,Pink,White-red,Red
173,Changingroom,Purple,Yellow,Red
174,Changingroom,Gold,White-blue,Purple
175,Changingroom,Purple,White-purple,Red
176,Stadium,Darkblue,White-pink,Green
177,Street,Pink,White,White
178,Goldenhour,Blue2,Purple,White
179,Changingroom,Purple,White-blue,Purple
180,Tunnel,Purple,White-purple,Purple
181,Stadium,Green,Purple,White
182,Goldenhour,Purple,Red,White
183,Tunnel,Blue,Blue,Black
184,Street,Blue,White-pink,Blue
185,Stadium,Darkgreen,Yellow,Blue
186,Goldenhour,Darkblue,Blue,Green
187,Stadium,Green,Green,Black
188,Changingroom,Blue2,Purple,Black
189,Tunnel,Gold,Gold,Green
190,Changingroom,Red,White-blue,White
191,Changingroom,Red,Purple,Black
192,Stadium,Darkblue,Gold,Black
193,Stadium,Blue2,Red,Green
194,Changingroom,Red,Yellow,Black
195,Street,Blue2,Green,Green
196,Tunnel,Pink,White-purple,Black
197,Goldenhour,Green,White-red,Black
198,Street,Darkblue,White-purple,Red
199,Changingroom,Darkblue,White-blue,Red
200,Tunnel,Pink,Red,Green
201,Changingroom,Blue2,White-blue,Red
202,Changingroom,Green,White-blue,Blue
203,Stadium,Blue,Yellow,Purple
204,Changingroom,Pink,White,Black
205,Goldenhour,Purple,White-red,Green
206,Stadium,Darkblue,Purple,Black
207,Stadium,Darkblue,Yellow,Black
208,Tunnel,Gold,Yellow,Red
209,Tunnel,Darkgreen,Green,Green
210,Ancient,Green,Green,Green
211,Changingroom,Blue,Pink,Purple
212,Changingroom,Green,White-pink,White
213,Stadium,Darkgreen,White-pink,Gold
214,Changingroom,Blue,White-pink,Purple
215,Tunnel,Purple,Yellow,Gold
216,Stadium,Pink,Diamond,Red
217,Street,Pink,Blue,White
218,Stadium,Blue,Green,Gold
219,Changingroom,Green,Red,Green
220,Stadium,Green,White,Blue
221,Goldenhour,Darkblue,Blue,Red
222,Stadium,Darkgreen,White-purple,Black
223,Goldenhour,Red,White-pink,Blue
224,Changingroom,Pink,Purple,Blue
225,Tunnel,Green,White-pink,Black
226,Street,Red,Yellow,Purple
227,Changingroom,Darkgreen,White-blue,Purple
228,Street,Darkblue,White-pink,Gold
229,Street,Purple,Purple,White
230,Tunnel,Darkgreen,Purple,Green
231,Tunnel,Red,Gold,White
232,Tunnel,Blue,Pink,Purple
233,Street,Blue2,White-blue,White
234,Goldenhour,Green,White-red,Purple
235,Stadium,Blue,Gold,Red
236,Tunnel,Green,White-blue,Black
237,Goldenhour,Purple,White-pink,Black
238,Tunnel,Blue2,White-purple,White
239,Stadium,Pink,White-purple,Blue
240,Tunnel,Purple,Pink,White
241,Street,Red,White-red,Red
242,Street,Darkblue,Purple,White
243,Goldenhour,Red,White-red,White
244,Stadium,Darkgreen,Green,Purple
245,Goldenhour,Pink,Diamond,White
246,Stadium,Darkblue,Blue,Green
247,Changingroom,Green,Diamond,White
248,Tunnel,Blue,Pink,Green
249,Street,Darkblue,Green,Purple
250,Goldenhour,Darkgreen,Yellow,White
251,Ancient,Purple,Red,Blue
252,Street,Darkblue,White-purple,Green
253,Tunnel,Blue,White-red,Black
254,Street,Blue,Yellow,Red
255,Tunnel,Purple,White,Blue
256,Changingroom,Darkgreen,Pink,Black
257,Street,Darkblue,Diamond,Diamond
258,Changingroom,Red,Gold,Green
259,Stadium,Pink,White-blue,Purple
260,Changingroom,Darkblue,Pink,Blue
261,Changingroom,Blue2,White-blue,Blue
262,Street,Blue2,White-purple,Blue
263,Tunnel,Green,Green,Black
264,Street,Blue2,Diamond,Red
265,Tunnel,Darkgreen,White-purple,Purple
266,Street,Green,White,Purple
267,Street,Darkgreen,White-red,White
268,Goldenhour,Blue2,Yellow,Red
269,Goldenhour,Purple,White-red,Red
270,Street,Darkblue,Yellow,Black
271,Tunnel,Red,Pink,Green
272,Street,Red,White-purple,Red
273,Goldenhour,Blue2,White-purple,Green
274,Tunnel,Darkgreen,Yellow,Blue
275,Changingroom,Purple,White-red,Red
276,Changingroom,Darkblue,Gold,White
277,Changingroom,Pink,White-pink,Black
278,Street,Blue,Blue,Blue
279,Tunnel,Darkgreen,Pink,Blue
280,Goldenhour,Darkgreen,Gold,Blue
281,Changingroom,Darkgreen,Yellow,Purple
282,Tunnel,Red,Red,Red
283,Ancient,Blue2,White,Red
284,Goldenhour,Green,Green,Blue
285,Stadium,Purple,White-blue,Green
286,Street,Pink,White,Green
287,Goldenhour,Blue,White,Purple
288,Goldenhour,Pink,White-red,Green
289,Street,Purple,Red,Red
290,Goldenhour,Blue2,Green,Blue
291,Changingroom,Darkgreen,Yellow,Blue
292,Stadium,Green,Yellow,Green
293,Stadium,Purple,Blue,Blue
294,Street,Green,Blue,Green
295,Ancient,Purple,Red,Purple
296,Street,Darkgreen,Pink,Blue
297,Goldenhour,Green,White-blue,Purple
298,Changingroom,Darkblue,Red,Red
299,Stadium,Gold,Blue,Purple
300,Street,Darkgreen,Yellow,Diamond
301,Stadium,Red,White-red,Green
302,Tunnel,Darkblue,Red,White
303,Tunnel,Purple,White-blue,Green
304,Changingroom,Pink,White-blue,White
305,Changingroom,Darkblue,White,Red
306,Street,Red,White-pink,Diamond
307,Goldenhour,Purple,White-purple,Black
308,Street,Darkblue,White,Green
309,Tunnel,Blue,Purple,Purple
310,Goldenhour,Darkgreen,Green,Purple
311,Stadium,Gold,White-pink,Blue
312,Goldenhour,Darkgreen,Diamond,Blue
313,Goldenhour,Gold,Pink,Diamond
314,Tunnel,Blue,Red,Diamond
315,Changingroom,Blue,Purple,White
316,Tunnel,Darkblue,Green,White
317,Goldenhour,Pink,Yellow,Black
318,Tunnel,Darkgreen,White-purple,Black
319,Changingroom,Blue2,Purple,Red
320,Goldenhour,Red,White-red,Red
321,Stadium,Pink,White,Purple
322,Stadium,Purple,White-pink,Purple
323,Street,Purple,Diamond,Black
324,Tunnel,Blue2,White-pink,Blue
325,Tunnel,Green,Yellow,Blue
326,Street,Purple,Purple,Black
327,Tunnel,Red,Yellow,Red
328,Tunnel,Green,White-purple,Green
329,Ancient,Green,Green,White
330,Tunnel,Blue,White-purple,Diamond
331,Goldenhour,Darkgreen,Pink,White
332,Stadium,Blue,White-red,Blue
333,Street,Green,Red,Green
334,Street,Purple,Purple,Blue
335,Stadium,Purple,White,Green
336,Ancient,Green,White,Red
337,Ancient,Blue,Gold,Black
338,Goldenhour,Red,White-purple,Red
339,Stadium,Pink,White-purple,Black
340,Changingroom,Blue,Blue,Red
341,Changingroom,Blue2,Yellow,Black
342,Tunnel,Darkblue,White-blue,White
343,Changingroom,Purple,White-blue,Blue
344,Street,Blue2,Red,White
345,Changingroom,Green,Yellow,Red
346,Changingroom,Darkgreen,White,Green
347,Goldenhour,Blue2,Blue,Red
348,Goldenhour,Darkblue,Purple,White
349,Goldenhour,Red,White-purple,Blue
350,Goldenhour,Darkgreen,Red,White
351,Street,Gold,Pink,Black
352,Goldenhour,Green,Gold,Blue
353,Tunnel,Darkgreen,Green,White
354,Changingroom,Darkgreen,White-blue,Black
355,Goldenhour,Green,Pink,Diamond
356,Street,Blue,White-blue,Purple
357,Goldenhour,Gold,White,Purple
358,Changingroom,Purple,Purple,Red
359,Tunnel,Blue2,Purple,Blue
360,Stadium,Gold,Pink,Green
361,Tunnel,Darkgreen,White-blue,Black
362,Tunnel,Blue,White-purple,Red
363,Changingroom,Gold,Red,Green
364,Goldenhour,Pink,Purple,Green
365,Changingroom,Purple,White-purple,Black
366,Stadium,Pink,Yellow,White
367,Changingroom,Gold,Red,White
368,Ancient,Purple,Yellow,Green
369,Street,Green,White-purple,Purple
370,Tunnel,Blue,White-red,Blue
371,Ancient,Gold,White-blue,Green
372,Changingroom,Blue,Green,Green
373,Stadium,Gold,White-blue,White
374,Changingroom,Darkblue,Yellow,White
375,Tunnel,Darkblue,White-red,Purple
376,Stadium,Purple,Green,Diamond
377,Tunnel,Darkblue,Purple,Blue
378,Goldenhour,Pink,Red,White
379,Ancient,Blue,Red,Red
380,Stadium,Blue2,White-pink,Blue
381,Street,Purple,Pink,Blue
382,Tunnel,Darkblue,White-pink,Blue
383,Stadium,Blue2,White-red,Green
384,Tunnel,Blue2,White-pink,Green
385,Goldenhour,Pink,Yellow,Blue
386,Changingroom,Red,Pink,Red
387,Goldenhour,Blue,White-purple,Blue
388,Changingroom,Green,Blue,Black
389,Tunnel,Purple,Yellow,White
390,Tunnel,Darkgreen,White-blue,Green
391,Tunnel,Purple,White-blue,Red
392,Ancient,Red,Blue,Black
393,Changingroom,Blue2,White-pink,Purple
394,Goldenhour,Gold,Yellow,Red
395,Tunnel,Purple,Purple,Red
396,Street,Red,Pink,Black
397,Tunnel,Pink,Gold,Red
398,Goldenhour,Blue2,Red,Red
399,Ancient,Gold,White-pink,Black
400,Changingroom,Red,Green,Red
401,Changingroom,Darkgreen,White-blue,Green
402,Tunnel,Pink,White-blue,Purple
403,Changingroom,Darkblue,White-pink,Red
404,Changingroom,Green,White-purple,Diamond
405,Goldenhour,Blue2,Green,White
406,Changingroom,Red,Yellow,Blue
407,Street,Purple,Red,Blue
408,Tunnel,Pink,White-red,Black
409,Tunnel,Purple,Red,Gold
410,Street,Pink,White-red,Black
411,Street,Purple,Yellow,Black
412,Goldenhour,Gold,Red,Green
413,Street,Red,Green,White
414,Goldenhour,Gold,White-blue,Blue
415,Ancient,Darkblue,Yellow,White
416,Tunnel,Red,White-purple,Black
417,Goldenhour,Green,White-purple,Blue
418,Stadium,Purple,White-red,Green
419,Stadium,Purple,Red,Blue
420,Stadium,Darkgreen,Green,Blue
421,Stadium,Red,Blue,Diamond
422,Street,Green,Pink,Green
423,Tunnel,Darkgreen,White-pink,Blue
424,Tunnel,Darkgreen,Gold,Blue
425,Tunnel,Red,Blue,White
426,Tunnel,Purple,White-purple,Black
427,Tunnel,Purple,Green,Red
428,Goldenhour,Blue2,Purple,Blue
429,Stadium,Blue,Yellow,Blue
430,Tunnel,Pink,Purple,Blue
431,Street,Darkgreen,White-pink,White
432,Stadium,Red,Green,Purple
433,Changingroom,Blue,White-pink,Blue
434,Ancient,Pink,White-pink,Red
435,Ancient,Green,White-blue,Red
436,Changingroom,Blue,Blue,Black
437,Ancient,Darkgreen,Pink,Green
438,Tunnel,Darkgreen,Pink,Purple
439,Changingroom,Red,White-pink,Black
440,Goldenhour,Pink,Green,Blue
441,Stadium,Red,Blue,Black
442,Goldenhour,Pink,White-purple,Red
443,Goldenhour,Red,Diamond,Purple
444,Stadium,Darkblue,Red,Green
445,Street,Blue2,White,Red
446,Goldenhour,Purple,Green,Black
447,Street,Darkblue,Blue,Green
448,Street,Gold,White-red,Green
449,Goldenhour,Red,Diamond,Green
450,Tunnel,Blue,Green,Purple
451,Goldenhour,Darkgreen,White-pink,Red
452,Goldenhour,Pink,White-red,Purple
453,Goldenhour,Green,Green,Black
454,Goldenhour,Green,Purple,White
455,Changingroom,Purple,White-purple,White
456,Stadium,Pink,Pink,Black
457,Goldenhour,Darkgreen,Blue,Purple
458,Tunnel,Blue,White,White
459,Goldenhour,Darkblue,Blue,White
460,Changingroom,Blue,White-blue,Black
461,Changingroom,Gold,White-blue,Red
462,Tunnel,Darkblue,Red,Black
463,Tunnel,Darkblue,Purple,White
464,Changingroom,Blue,White-blue,Blue
465,Changingroom,Blue2,Purple,Green
466,Stadium,Green,Yellow,White
467,Street,Darkgreen,Green,Purple
468,Changingroom,Darkblue,Green,White
469,Stadium,Green,White-blue,Blue
470,Stadium,Purple,White-purple,Red
471,Goldenhour,Pink,White,Red
472,Tunnel,Red,White-pink,Blue
473,Changingroom,Blue,White,Purple
474,Changingroom,Darkblue,Pink,Purple
475,Street,Green,White-red,White
476,Stadium,Pink,White,Black
477,Goldenhour,Blue,Pink,White
478,Street,Blue,Pink,Blue
479,Changingroom,Darkgreen,White-purple,White
480,Goldenhour,Blue2,White-purple,Diamond
481,Tunnel,Blue,White,Green
482,Stadium,Darkgreen,White-red,Red
483,Goldenhour,Red,White-purple,Green
484,Stadium,Purple,White-blue,Black
485,Changingroom,Purple,White,Green
486,Changingroom,Darkgreen,Red,Black
487,Goldenhour,Purple,Gold,Blue
488,Street,Red,White,Red
489,Goldenhour,Darkgreen,Gold,White
490,Changingroom,Gold,Purple,Blue
491,Tunnel,Blue,White-blue,Gold
492,Street,Blue2,Red,Purple
493,Changingroom,Green,Purple,White
494,Stadium,Purple,Purple,Blue
495,Changingroom,Green,White-pink,Blue
496,Ancient,Red,Red,White
497,Stadium,Darkgreen,Red,Diamond
498,Tunnel,Purple,White-purple,White
499,Ancient,Blue,Purple,Green
500,Street,Blue2,White,White
501,Ancient,Pink,White,White
502,Tunnel,Blue2,Yellow,Green
503,Changingroom,Gold,Purple,White
504,Stadium,Red,Purple,Red
505,Goldenhour,Gold,Yellow,White
506,Tunnel,Purple,Pink,Green
507,Street,Darkblue,Pink,Blue
508,Goldenhour,Green,White-pink,Blue
509,Street,Pink,Diamond,Red
510,Tunnel,Pink,Blue,Blue
511,Goldenhour,Green,Yellow,Red
512,Tunnel,Blue,Yellow,Red
513,Goldenhour,Purple,White-pink,Blue
514,Street,Purple,Pink,Green
515,Goldenhour,Pink,Yellow,White
516,Street,Purple,White-red,Blue
517,Goldenhour,Pink,Yellow,Diamond
518,Goldenhour,Pink,Gold,Red
519,Tunnel,Purple,Pink,Red
520,Goldenhour,Darkgreen,Pink,Blue
521,Changingroom,Red,Pink,Black
522,Stadium,Gold,Purple,Blue
523,Changingroom,Darkblue,Blue,Gold
524,Tunnel,Red,Green,Purple
525,Ancient,Gold,White-red,Red
526,Changingroom,Green,White-purple,Black
527,Street,Red,White-red,Blue
528,Tunnel,Blue2,White-purple,Purple
529,Goldenhour,Pink,Pink,Black
530,Changingroom,Purple,White-purple,Green
531,Tunnel,Green,White,Blue
532,Street,Blue,Purple,White
533,Goldenhour,Gold,Pink,Black
534,Changingroom,Darkgreen,White-pink,Purple
535,Goldenhour,Blue,Pink,Green
536,Changingroom,Blue2,Blue,Black
537,Tunnel,Blue2,White-red,Purple
538,Tunnel,Purple,Yellow,Red
539,Ancient,Pink,Blue,Black
540,Tunnel,Green,White,White
541,Street,Green,White-red,Green
542,Street,Blue2,Purple,Green
543,Stadium,Purple,White-purple,Green
544,Street,Darkgreen,Diamond,Green
545,Stadium,Darkgreen,White,Red
546,Tunnel,Pink,Purple,Purple
547,Ancient,Green,White-red,Purple
548,Changingroom,Darkblue,Gold,Black
549,Stadium,Pink,Pink,Purple
550,Changingroom,Purple,White-pink,Purple
551,Tunnel,Darkgreen,Purple,Purple
552,Goldenhour,Purple,White-blue,Blue
553,Goldenhour,Blue,Blue,White
554,Street,Purple,White-blue,Black
555,Stadium,Blue,White-blue,Red
556,Changingroom,Gold,White-purple,White
557,Tunnel,Darkgreen,Pink,Red
558,Ancient,Green,Blue,White
559,Stadium,Gold,White-blue,Green
560,Changingroom,Red,White-pink,Blue
561,Street,Darkgreen,Blue,White
562,Goldenhour,Pink,White-purple,Purple
563,Stadium,Red,Purple,White
564,Stadium,Gold,Yellow,Purple
565,Street,Darkgreen,White-blue,Black
566,Changingroom,Darkgreen,White-purple,Purple
567,Stadium,Darkblue,Blue,Black
568,Goldenhour,Blue,Green,Red
569,Changingroom,Blue2,White,Purple
570,Street,Darkgreen,Purple,Red
571,Ancient,Pink,Pink,White
572,Changingroom,Pink,White-purple,Green
573,Changingroom,Red,Purple,Green
574,Street,Blue2,White-pink,Black
575,Goldenhour,Blue,Purple,White
576,Goldenhour,Darkblue,White,Purple
577,Goldenhour,Red,Blue,Red
578,Stadium,Green,White-red,Blue
579,Street,Gold,White,Blue
580,Changingroom,Blue2,Red,Green
581,Street,Blue2,White-blue,Red
582,Stadium,Gold,Purple,Purple
583,Tunnel,Darkblue,White-purple,Green
584,Street,Red,White-purple,Diamond
585,Tunnel,Purple,Gold,Purple
586,Tunnel,Red,Red,Blue
587,Changingroom,Red,Blue,Blue
588,Tunnel,Darkgreen,Blue,Purple
589,Changingroom,Purple,White-pink,Black
590,Changingroom,Blue2,Purple,White
591,Street,Blue2,Yellow,Black
592,Goldenhour,Blue,White-pink,Red
593,Changingroom,Blue2,Pink,Blue
594,Goldenhour,Darkgreen,Yellow,Purple
595,Tunnel,Darkgreen,Red,Blue
596,Stadium,Red,Blue,Red
597,Street,Blue,Red,Black
598,Goldenhour,Darkblue,White-blue,Black
599,Goldenhour,Blue,White-blue,Blue
600,Street,Blue,White,Purple
601,Tunnel,Purple,Yellow,Diamond
602,Goldenhour,Blue,Pink,Black
603,Changingroom,Red,White-purple,Blue
604,Goldenhour,Gold,Yellow,Blue
605,Goldenhour,Darkgreen,White,Green
606,Stadium,Blue,Yellow,Green
607,Changingroom,Green,Purple,Blue
608,Goldenhour,Darkblue,Green,Black
609,Stadium,Darkblue,Green,Red
610,Street,Blue,Yellow,Black
611,Goldenhour,Red,Yellow,White
612,Stadium,Blue2,Blue,Red
613,Goldenhour,Darkblue,Diamond,Black
614,Tunnel,Blue,White,Purple
615,Changingroom,Blue,Purple,Green
616,Stadium,Purple,Blue,White
617,Goldenhour,Green,White-purple,White
618,Stadium,Red,White-pink,Red
619,Ancient,Green,White,Green
620,Street,Blue2,Blue,Red
621,Stadium,Purple,White,Red
622,Goldenhour,Blue2,White-purple,Blue
623,Changingroom,Blue2,White-red,Black
624,Ancient,Red,Pink,Purple
625,Stadium,Purple,Diamond,Red
626,Changingroom,Pink,Yellow,Black
627,Goldenhour,Pink,White,Green
628,Stadium,Darkgreen,White-pink,White
629,Stadium,Darkgreen,White-pink,Blue
630,Changingroom,Blue2,White-blue,Purple
631,Stadium,Blue,White-blue,Blue
632,Changingroom,Blue2,White-purple,White
633,Goldenhour,Blue2,White-pink,Purple
634,Goldenhour,Green,White-blue,Red
635,Changingroom,Darkgreen,White,Purple
636,Changingroom,Darkblue,White-pink,White
637,Street,Green,Purple,Blue
638,Goldenhour,Blue2,White-pink,Blue
639,Changingroom,Pink,White-purple,White
640,Changingroom,Green,Diamond,Purple
641,Street,Green,White-blue,White
642,Tunnel,Blue,White-purple,White
643,Street,Green,Yellow,Green
644,Tunnel,Green,White,Black
645,Goldenhour,Darkgreen,Pink,Green
646,Street,Darkgreen,White-purple,Purple
647,Changingroom,Green,White-purple,Green
648,Goldenhour,Blue2,White-blue,Red
649,Goldenhour,Red,Red,White
650,Stadium,Blue,Purple,Green
651,Tunnel,Blue,White-red,Purple
652,Ancient,Pink,Yellow,Green
653,Changingroom,Red,Pink,Green
654,Street,Purple,Green,Purple
655,Stadium,Darkblue,Red,Black
656,Ancient,Red,Blue,Blue
657,Tunnel,Blue2,White-pink,Black
658,Goldenhour,Green,Yellow,Blue
659,Street,Purple,Red,Black
660,Ancient,Blue,Pink,Red
661,Tunnel,Blue,Purple,Red
662,Stadium,Gold,White-blue,Purple
663,Tunnel,Green,Blue,Blue
664,Changingroom,Green,Pink,Blue
665,Ancient,Blue,Purple,White
666,Street,Blue,White-purple,Red
667,Goldenhour,Blue,Purple,Green
668,Goldenhour,Darkblue,Yellow,Red
669,Goldenhour,Green,White-blue,Black
670,Tunnel,Pink,Red,Purple
671,Street,Darkgreen,Diamond,White
672,Goldenhour,Pink,Red,Red
673,Street,Purple,Purple,Green
674,Goldenhour,Pink,Purple,Black
675,Tunnel,Blue2,Yellow,White
676,Stadium,Green,Green,Purple
677,Ancient,Pink,Green,Purple
678,Street,Blue,White,Black
679,Goldenhour,Green,White,Blue
680,Stadium,Purple,Red,Diamond
681,Stadium,Red,White-purple,Blue
682,Stadium,Blue2,White,Black
683,Street,Blue,White,Red
684,Tunnel,Darkblue,White-purple,White
685,Tunnel,Gold,White,Black
686,Changingroom,Purple,White-purple,Blue
687,Tunnel,Blue,Blue,Green
688,Stadium,Blue2,Red,Purple
689,Tunnel,Blue,Yellow,Blue
690,Street,Darkgreen,Diamond,Red
691,Tunnel,Purple,Diamond,Green
692,Street,Darkblue,Yellow,Purple
693,Changingroom,Darkblue,Red,Green
694,Changingroom,Red,White-blue,Green
695,Tunnel,Red,White-blue,White
696,Goldenhour,Darkgreen,Green,White
697,Stadium,Darkblue,Yellow,Purple
698,Stadium,Blue2,White-pink,Purple
699,Stadium,Purple,White,White
700,Goldenhour,Blue2,White,Purple
701,Stadium,Red,Yellow,Black
702,Stadium,Blue2,Purple,Green
703,Tunnel,Pink,White-red,Red
704,Stadium,Blue2,White-purple,Black
705,Street,Blue,White-red,White
706,Stadium,Darkgreen,White-purple,Blue
707,Tunnel,Blue2,Purple,Purple
708,Changingroom,Blue,Green,Blue
709,Changingroom,Blue,White-red,Green
710,Street,Green,White-pink,Purple
711,Stadium,Red,White-blue,Purple
712,Goldenhour,Darkgreen,White-purple,Blue
713,Tunnel,Blue2,Green,Purple
714,Stadium,Darkblue,White,Red
715,Stadium,Green,White-blue,Green
716,Tunnel,Purple,Blue,Diamond
717,Goldenhour,Purple,Pink,Blue
718,Changingroom,Darkblue,Purple,White
719,Tunnel,Pink,White,Blue
720,Street,Red,White-red,White
721,Street,Pink,Purple,Green
722,Stadium,Green,Pink,White
723,Goldenhour,Blue,White,Black
724,Goldenhour,Blue,White-purple,Purple
725,Street,Darkgreen,Purple,Purple
726,Ancient,Blue2,Yellow,Green
727,Tunnel,Pink,Pink,Purple
728,Tunnel,Red,Pink,White
729,Goldenhour,Darkblue,Green,Blue
730,Tunnel,Gold,Green,Blue
731,Ancient,Purple,Yellow,Black
732,Street,Purple,White-pink,Blue
733,Tunnel,Purple,White-red,Green
734,Stadium,Red,White-blue,Black
735,Tunnel,Red,Yellow,Green
736,Ancient,Darkblue,Yellow,Blue
737,Changingroom,Blue2,White-pink,Red
738,Street,Pink,White-red,White
739,Changingroom,Darkblue,White,Purple
740,Changingroom,Red,Blue,Gold
741,Goldenhour,Darkblue,White-red,Black
742,Goldenhour,Red,Yellow,Purple
743,Street,Gold,Red,Blue
744,Street,Darkgreen,White-red,Green
745,Stadium,Pink,White-blue,Blue
746,Goldenhour,Darkblue,Green,White
747,Changingroom,Blue2,White,Black
748,Stadium,Blue,White-red,Red
749,Ancient,Blue2,Purple,White
750,Street,Green,Diamond,Purple
751,Tunnel,Darkblue,Yellow,Black
752,Stadium,Blue2,White-blue,Purple
753,Goldenhour,Blue,White-purple,Green
754,Changingroom,Pink,White,Blue
755,Stadium,Pink,White-blue,Green
756,Stadium,Blue,White-pink,Green
757,Changingroom,Green,Pink,Green
758,Changingroom,Blue2,White-purple,Red
759,Goldenhour,Green,Yellow,Diamond
760,Changingroom,Gold,Pink,Black
761,Stadium,Darkgreen,Pink,Blue
762,Goldenhour,Purple,Purple,White
763,Goldenhour,Green,Pink,White
764,Tunnel,Pink,Gold,Black
765,Goldenhour,Green,Purple,Green
766,Changingroom,Blue,White-pink,Green
767,Street,Pink,White,Blue
768,Tunnel,Red,White-purple,Green
769,Stadium,Gold,Purple,Red
770,Street,Pink,White-purple,Red
771,Stadium,Blue2,Green,Red
772,Stadium,Gold,Yellow,Red
773,Street,Purple,Blue,Black
774,Ancient,Darkgreen,White,Blue
775,Street,Purple,Pink,White
776,Tunnel,Blue2,White-blue,White
777,Tunnel,Darkgreen,Green,Purple
778,Street,Purple,White-purple,Purple
779,Stadium,Darkblue,White-pink,Purple
780,Stadium,Purple,Red,Black
781,Changingroom,Blue,White-blue,Red
782,Ancient,Darkblue,Pink,Purple
783,Tunnel,Darkgreen,White,Diamond
784,Goldenhour,Pink,White-red,White
785,Tunnel,Darkblue,Pink,Green
786,Street,Blue,Green,Gold
787,Street,Purple,White-pink,Black
788,Goldenhour,Darkgreen,Yellow,Blue
789,Tunnel,Gold,White-red,Green
790,Street,Darkblue,Purple,Red
791,Goldenhour,Blue2,White-pink,White
792,Changingroom,Blue2,White,Blue
793,Street,Red,Purple,Purple
794,Goldenhour,Red,White-red,Purple
795,Tunnel,Darkblue,White-pink,Black
796,Changingroom,Blue2,Blue,Green
797,Goldenhour,Blue2,Red,Green
798,Stadium,Red,White,Blue
799,Goldenhour,Darkgreen,Diamond,Diamond
800,Changingroom,Blue2,White,Red
801,Changingroom,Red,Diamond,Purple
802,Street,Pink,White-purple,Green
803,Tunnel,Blue,White-blue,Black
804,Goldenhour,Purple,White-red,Blue
805,Stadium,Purple,Pink,Blue
806,Changingroom,Gold,Pink,Blue
807,Stadium,Pink,Green,Diamond
808,Stadium,Blue,White-purple,Red
809,Street,Darkblue,Yellow,White
810,Stadium,Blue2,White-red,Purple
811,Street,Blue,Blue,Black
812,Street,Pink,Yellow,Blue
813,Changingroom,Blue,Red,Black
814,Tunnel,Blue2,Pink,Diamond
815,Goldenhour,Blue,White-blue,Black
816,Changingroom,Blue,Green,Black
817,Street,Blue,Blue,White
818,Ancient,Blue2,Pink,Red
819,Street,Red,Red,Red
820,Street,Blue,Pink,Purple
821,Stadium,Red,White-red,Red
822,Stadium,Darkgreen,Red,White
823,Street,Green,Red,White
824,Tunnel,Blue,White-red,White
825,Stadium,Red,Green,Red
826,Goldenhour,Darkgreen,Gold,Green
827,Street,Darkblue,Green,White
828,Goldenhour,Gold,White,Red
829,Ancient,Darkblue,White,Black
830,Street,Darkgreen,White,White
831,Changingroom,Darkgreen,White-purple,Red
832,Tunnel,Darkblue,White-purple,Red
833,Changingroom,Darkgreen,Pink,White
834,Tunnel,Green,Blue,Purple
835,Stadium,Gold,White-pink,Green
836,Street,Green,White-purple,Gold
837,Goldenhour,Blue,Yellow,Purple
838,Changingroom,Darkblue,White-pink,Green
839,Changingroom,Blue2,White-red,Blue
840,Street,Darkgreen,Yellow,Blue
841,Ancient,Red,Red,Blue
842,Tunnel,Darkblue,Purple,Black
843,Goldenhour,Blue,White-red,Black
844,Street,Darkgreen,Pink,White
845,Ancient,Pink,Blue,Gold
846,Street,Green,White-blue,Purple
847,Goldenhour,Darkblue,Purple,Purple
848,Stadium,Red,Red,Black
849,Street,Darkblue,Purple,Gold
850,Tunnel,Green,White,Purple
851,Changingroom,Gold,Diamond,Blue
852,Stadium,Darkblue,White,Green
853,Street,Darkgreen,White-red,Black
854,Tunnel,Green,White-purple,Black
855,Stadium,Purple,Blue,Green
856,Changingroom,Red,Purple,Blue
857,Stadium,Green,White-blue,Purple
858,Street,Blue2,White-pink,Purple
859,Tunnel,Blue2,White,White
860,Ancient,Darkblue,Purple,Gold
861,Tunnel,Blue2,Pink,Black
862,Changingroom,Green,Yellow,White
863,Changingroom,Green,Yellow,Blue
864,Tunnel,Darkblue,White,Purple
865,Tunnel,Pink,White-purple,Green
866,Ancient,Red,Purple,Purple
867,Tunnel,Darkblue,Red,Blue
868,Changingroom,Pink,White-red,Red
869,Ancient,Pink,Purple,Green
870,Ancient,Blue2,Pink,White
871,Changingroom,Blue2,White-blue,Green
872,Tunnel,Red,White-blue,Black
873,Changingroom,Darkgreen,White,Black
874,Street,Pink,Red,Blue
875,Tunnel,Pink,White-blue,Black
876,Stadium,Blue,White-red,Purple
877,Stadium,Purple,Green,Green
878,Goldenhour,Gold,Pink,Green
879,Stadium,Darkgreen,Red,Blue
880,Street,Purple,White-pink,Green
881,Changingroom,Gold,Diamond,Green
882,Tunnel,Purple,White-pink,Red
883,Street,Pink,White-pink,Purple
884,Changingroom,Darkblue,White-purple,Purple
885,Changingroom,Blue2,Purple,Blue
886,Street,Red,White-purple,Purple
887,Stadium,Darkgreen,Gold,Purple
888,Stadium,Red,Blue,Purple
889,Goldenhour,Pink,White-purple,White
890,Stadium,Darkblue,Red,Red
891,Street,Blue2,White-red,Black
892,Stadium,Darkgreen,Gold,Blue
893,Stadium,Darkblue,White-purple,Blue
894,Tunnel,Red,Red,Purple
895,Changingroom,Purple,White-blue,Red
896,Street,Green,White-pink,White
897,Changingroom,Darkgreen,White,Blue
898,Stadium,Purple,White,Purple
899,Changingroom,Green,Purple,Purple
900,Goldenhour,Darkblue,White-purple,Black
901,Changingroom,Pink,Yellow,White
902,Changingroom,Blue,White-blue,Green
903,Changingroom,Darkgreen,Green,Black
904,Changingroom,Purple,Pink,Blue
905,Stadium,Pink,Yellow,Blue
906,Ancient,Blue,Green,Green
907,Goldenhour,Purple,White,Blue
908,Tunnel,Darkgreen,Blue,Green
909,Street,Green,White-red,Blue
910,Tunnel,Purple,White,Purple
911,Street,Darkblue,White-purple,Purple
912,Street,Red,White,Purple
913,Changingroom,Darkblue,White-red,Purple
914,Tunnel,Blue,Green,Red
915,Tunnel,Darkblue,White-blue,Green
916,Goldenhour,Red,Purple,Blue
917,Goldenhour,Purple,Green,White
918,Tunnel,Pink,White-red,White
919,Tunnel,Blue2,White,Green
920,Stadium,Darkgreen,White,White
921,Changingroom,Green,Diamond,Diamond
922,Street,Pink,Pink,Purple
923,Stadium,Blue2,White-pink,Red
924,Stadium,Blue2,White,Gold
925,Street,Darkblue,Purple,Black
926,Goldenhour,Red,Pink,Black
927,Goldenhour,Darkgreen,White-blue,White
928,Goldenhour,Purple,Pink,White
929,Tunnel,Darkblue,Green,Black
930,Tunnel,Darkgreen,Blue,Blue
931,Stadium,Darkblue,White-blue,Red
932,Stadium,Blue2,White,Green
933,Changingroom,Darkblue,White,White
934,Goldenhour,Purple,Green,Blue
935,Goldenhour,Darkblue,White-purple,Red
936,Goldenhour,Blue2,Pink,Blue
937,Stadium,Red,White,Purple
938,Stadium,Green,White-blue,Black
939,Goldenhour,Darkgreen,Pink,Red
940,Tunnel,Darkgreen,White,Red
941,Ancient,Pink,Blue,White
942,Stadium,Darkgreen,Yellow,Black
943,Changingroom,Blue2,White-purple,Blue
944,Ancient,Blue2,White-pink,Purple
945,Changingroom,Purple,Blue,White
946,Goldenhour,Darkblue,White-pink,Red
947,Changingroom,Blue,White-purple,Black
948,Changingroom,Red,Pink,Purple
949,Street,Red,Blue,Black
950,Street,Purple,White-pink,Purple
951,Changingroom,Green,White-pink,Black
952,Street,Pink,White-red,Red
953,Goldenhour,Green,Gold,Purple
954,Street,Red,White-purple,Black
955,Ancient,Blue2,White,Black
956,Changingroom,Green,Purple,Red
957,Goldenhour,Blue,Red,White
958,Stadium,Red,White-pink,Blue
959,Changingroom,Purple,Pink,Red
960,Tunnel,Purple,White,Red
961,Tunnel,Pink,Green,Purple
962,Goldenhour,Blue,Red,Blue
963,Stadium,Darkgreen,Red,Purple
964,Tunnel,Green,Pink,Red
965,Tunnel,Pink,Yellow,Red
966,Street,Green,Purple,Green
967,Goldenhour,Red,Yellow,Black
968,Tunnel,Green,White-red,Purple
969,Stadium,Blue2,White-pink,White
970,Street,Purple,Red,White
971,Stadium,Darkgreen,White-blue,Purple
972,Goldenhour,Darkblue,Green,Diamond
973,Goldenhour,Gold,Purple,Red
974,Goldenhour,Pink,Green,Black
975,Goldenhour,Blue,Yellow,Red
976,Street,Darkgreen,White-purple,Blue
977,Stadium,Blue2,Gold,Green
978,Tunnel,Darkblue,Purple,Diamond
979,Street,Darkgreen,Pink,Red
980,Goldenhour,Darkblue,White-pink,Green
981,Changingroom,Blue,Purple,Black
982,Ancient,Darkgreen,Yellow,Red
983,Street,Purple,White-purple,White
984,Tunnel,Pink,White-purple,Blue
985,Goldenhour,Gold,White-blue,Black
986,Changingroom,Blue,Red,Purple
987,Stadium,Purple,Red,White
988,Changingroom,Darkgreen,White-pink,Blue
989,Goldenhour,Red,Blue,Green
990,Stadium,Blue2,Red,Blue
991,Tunnel,Blue2,White-blue,Red
992,Tunnel,Purple,White,Green
993,Ancient,Pink,White-red,White
994,Goldenhour,Darkgreen,Pink,Black
995,Tunnel,Green,Yellow,Red
996,Tunnel,Darkblue,Purple,Red
997,Tunnel,Darkgreen,Red,Red
998,Stadium,Gold,White-red,Blue
999,Stadium,Gold,Yellow,Black
1000,Changingroom,Darkblue,Diamond,Black
1001,Changingroom,Darkblue,White-purple,Black
1002,Stadium,Darkblue,White-purple,Red
1003,Goldenhour,Blue2,White-purple,Black
1004,Tunnel,Blue,Blue,Purple
1005,Goldenhour,Purple,Gold,Red
1006,Tunnel,Gold,Pink,Red
1007,Changingroom,Green,Green,Red
1008,Ancient,Red,White-blue,Gold
1009,Changingroom,Red,Green,Purple
1010,Stadium,Darkblue,Yellow,Blue
1011,Goldenhour,Red,Blue,Purple
1012,Tunnel,Darkblue,White,Green
1013,Goldenhour,Pink,Green,Green
1014,Stadium,Darkblue,Yellow,Red
1015,Street,Pink,White-pink,White
1016,Stadium,Darkblue,White-blue,Green
1017,Changingroom,Darkblue,Green,Black
1018,Changingroom,Pink,Blue,Black
1019,Stadium,Blue,White,Green
1020,Stadium,Blue2,White-purple,Red
1021,Tunnel,Red,Blue,Blue
1022,Tunnel,Green,Green,Blue
1023,Stadium,Blue,White-red,Black
1024,Street,Pink,Green,Green
1025,Street,Darkgreen,Purple,Black
1026,Changingroom,Darkblue,Blue,Red
1027,Changingroom,Pink,Red,White
1028,Street,Purple,Green,Black
1029,Stadium,Blue2,Red,White
1030,Stadium,Green,Green,Red
1031,Tunnel,Blue,White-pink,Purple
1032,Street,Blue2,White,Black
1033,Stadium,Red,Pink,Green
1034,Stadium,Pink,Purple,Black
1035,Changingroom,Green,White-purple,White
1036,Tunnel,Gold,Pink,Black
1037,Street,Blue,White-red,Black
1038,Goldenhour,Green,Blue,Purple
1039,Stadium,Gold,White,Black
1040,Tunnel,Pink,Red,Black
1041,Tunnel,Pink,White,Red
1042,Stadium,Darkgreen,Purple,White
1043,Changingroom,Darkgreen,Green,Purple
1044,Tunnel,Darkgreen,White-pink,Red
1045,Goldenhour,Blue,Purple,Purple
1046,Street,Red,Diamond,Black
1047,Stadium,Darkblue,Purple,Gold
1048,Stadium,Pink,Red,Green
1049,Stadium,Blue2,Green,Blue
1050,Street,Blue,Red,Green
1051,Street,Pink,White-pink,Blue
1052,Changingroom,Darkgreen,White-purple,Green
1053,Tunnel,Pink,Green,Red
1054,Stadium,Purple,Red,Red
1055,Goldenhour,Blue,Blue,Black
1056,Street,Gold,White-red,Gold
1057,Stadium,Purple,Green,Blue
1058,Ancient,Red,White-purple,Green
1059,Stadium,Blue,White-purple,White
1060,Tunnel,Pink,Blue,Purple
1061,Goldenhour,Darkblue,White-pink,Purple
1062,Ancient,Green,Pink,Green
1063,Goldenhour,Gold,Red,Blue
1064,Stadium,Green,White-pink,Blue
1065,Ancient,Purple,Blue,Green
1066,Street,Red,White-pink,White
1067,Goldenhour,Red,Green,Green
1068,Goldenhour,Purple,Blue,Purple
1069,Tunnel,Green,White-pink,Red
1070,Goldenhour,Darkblue,Blue,Black
1071,Street,Green,Green,Blue
1072,Ancient,Darkgreen,White-purple,Purple
1073,Tunnel,Blue2,Blue,Blue
1074,Goldenhour,Green,White,Green
1075,Stadium,Purple,Purple,Gold
1076,Goldenhour,Purple,Gold,Purple
1077,Tunnel,Green,White-pink,White
1078,Street,Red,White-red,Green
1079,Stadium,Darkgreen,White-blue,Red
1080,Tunnel,Red,White-red,Red
1081,Goldenhour,Darkgreen,White-red,Black
1082,Goldenhour,Pink,Yellow,Green
1083,Tunnel,Gold,Blue,Blue
1084,Tunnel,Darkgreen,Green,Gold
1085,Street,Blue,White-purple,White
1086,Street,Blue,Purple,Black
1087,Changingroom,Blue2,Diamond,Red
1088,Goldenhour,Red,White-blue,Green
1089,Tunnel,Blue,White-blue,Red
1090,Ancient,Blue,Blue,Black
1091,Goldenhour,Green,Yellow,White
1092,Tunnel,Darkblue,White-red,Red
1093,Street,Blue2,Yellow,White
1094,Changingroom,Red,Red,Purple
1095,Goldenhour,Purple,Blue,White
1096,Changingroom,Darkgreen,Purple,Purple
1097,Goldenhour,Blue2,Pink,Green
1098,Changingroom,Darkblue,Blue,Blue
1099,Ancient,Blue,Pink,Black
1100,Street,Green,Green,Purple
1101,Street,Blue,Gold,White
1102,Changingroom,Green,Red,Red
1103,Stadium,Darkgreen,White-purple,Red
1104,Ancient,Red,Purple,White
1105,Goldenhour,Darkblue,Red,Red
1106,Changingroom,Pink,White-red,Diamond
1107,Stadium,Purple,Green,White
1108,Goldenhour,Red,White-pink,Black
1109,Ancient,Purple,Purple,Red
1110,Changingroom,Green,White-pink,Green
1111,Tunnel,Darkblue,White-red,Black
1112,Tunnel,Darkgreen,Red,Purple
1113,Street,Blue2,White-pink,White
1114,Goldenhour,Pink,Green,Purple
1115,Goldenhour,Darkgreen,Yellow,Green
1116,Tunnel,Green,White-purple,Blue
1117,Changingroom,Blue2,White-red,Green
1118,Ancient,Blue,Gold,Blue
1119,Goldenhour,Pink,White-purple,Blue
1120,Tunnel,Darkblue,White-red,Blue
1121,Goldenhour,Red,Red,Blue
1122,Stadium,Red,Pink,Blue
1123,Street,Blue,Blue,Green
1124,Changingroom,Purple,Red,Blue
1125,Tunnel,Blue2,White-pink,Diamond
1126,Goldenhour,Green,Pink,Blue
1127,Street,Pink,Red,Red
1128,Stadium,Purple,Blue,Red
1129,Goldenhour,Gold,Blue,Black
1130,Goldenhour,Red,Pink,Red
1131,Stadium,Gold,White-purple,Purple
1132,Tunnel,Pink,Green,Green
1133,Goldenhour,Purple,White-blue,Purple
1134,Street,Purple,White-red,Red
1135,Goldenhour,Green,Green,Green
1136,Tunnel,Pink,Blue,Black
1137,Changingroom,Gold,White-purple,Green
1138,Stadium,Purple,White-blue,White
1139,Ancient,Gold,White-pink,Green
1140,Changingroom,Blue2,Yellow,Red
1141,Street,Red,White,Black
1142,Tunnel,Red,Gold,Green
1143,Changingroom,Purple,Diamond,Diamond
1144,Stadium,Blue2,Pink,White
1145,Changingroom,Green,White-blue,Red
1146,Goldenhour,Darkgreen,Pink,Diamond
1147,Street,Pink,Pink,Blue
1148,Tunnel,Blue,White-pink,Gold
1149,Changingroom,Blue2,Yellow,White
1150,Goldenhour,Blue2,Blue,Gold
1151,Stadium,Blue,Blue,White
1152,Ancient,Darkgreen,Red,White
1153,Tunnel,Blue2,Blue,White
1154,Street,Blue2,White-purple,Black
1155,Stadium,Purple,White-pink,White
1156,Tunnel,Green,White-pink,Green
1157,Street,Darkblue,White-pink,White
1158,Changingroom,Blue,White,White
1159,Changingroom,Blue2,Green,Purple
1160,Ancient,Green,White-red,Blue
1161,Street,Darkgreen,Yellow,Red
1162,Changingroom,Pink,Red,Red
1163,Street,Darkgreen,Green,Blue
1164,Stadium,Green,White,Green
1165,Goldenhour,Blue,White-blue,White
1166,Goldenhour,Green,Yellow,Purple
1167,Changingroom,Darkblue,Yellow,Black
1168,Changingroom,Pink,White,Red
1169,Tunnel,Red,Yellow,Black
1170,Street,Pink,White-purple,Blue
1171,Street,Red,Blue,White
1172,Street,Darkblue,White-purple,Blue
1173,Changingroom,Gold,Red,Blue
1174,Stadium,Green,Yellow,Black
1175,Goldenhour,Blue,White-pink,Black
1176,Stadium,Blue2,Blue,White
1177,Stadium,Pink,Blue,White
1178,Changingroom,Pink,Yellow,Green
1179,Changingroom,Blue2,Red,White
1180,Tunnel,Blue2,White,Blue
1181,Changingroom,Pink,Red,Blue
1182,Goldenhour,Red,White-pink,White
1183,Changingroom,Darkgreen,Yellow,Black
1184,Changingroom,Blue,Yellow,White
1185,Changingroom,Blue,White-red,Purple
1186,Stadium,Darkblue,White-purple,Purple
1187,Changingroom,Blue2,Green,Black
1188,Street,Pink,Purple,Red
1189,Goldenhour,Pink,Blue,White
1190,Tunnel,Green,Yellow,Purple
1191,Goldenhour,Purple,White-pink,Gold
1192,Changingroom,Blue,White,Red
1193,Goldenhour,Darkgreen,Purple,Green
1194,Goldenhour,Gold,Yellow,Purple
1195,Stadium,Green,White-red,White
1196,Goldenhour,Pink,White-blue,Red
1197,Stadium,Pink,Purple,Purple
1198,Changingroom,Darkgreen,Green,White
1199,Goldenhour,Green,White-blue,White
1200,Goldenhour,Red,White,Blue
1201,Stadium,Blue2,Yellow,Blue
1202,Changingroom,Pink,White-blue,Green
1203,Street,Red,White-pink,Black
1204,Tunnel,Pink,Yellow,Green
1205,Changingroom,Purple,White-red,Black
1206,Street,Darkgreen,Purple,Diamond
1207,Goldenhour,Darkblue,Green,Purple
1208,Tunnel,Green,Green,Green
1209,Stadium,Pink,White-blue,White
1210,Street,Red,Pink,Blue
1211,Tunnel,Darkblue,Yellow,Purple
1212,Changingroom,Pink,White-pink,Purple
1213,Stadium,Blue,Yellow,Diamond
1214,Stadium,Blue,Pink,Black
1215,Changingroom,Darkgreen,Pink,Red
1216,Goldenhour,Gold,White-pink,Black
1217,Stadium,Pink,Purple,Green
1218,Goldenhour,Purple,Purple,Purple
1219,Street,Darkblue,White-blue,Black
1220,Changingroom,Darkgreen,Green,Blue
1221,Tunnel,Green,White-pink,Purple
1222,Changingroom,Darkblue,Green,Green
1223,Stadium,Blue,Green,Red
1224,Changingroom,Purple,Green,Purple
1225,Street,Pink,Yellow,Black
1226,Changingroom,Green,White,Black
1227,Stadium,Red,Red,Red
1228,Changingroom,Darkgreen,Blue,Purple
1229,Stadium,Blue2,White-purple,Blue
1230,Tunnel,Darkblue,White,Black
1231,Ancient,Purple,White-red,Black
1232,Ancient,Blue2,White-blue,Blue
1233,Changingroom,Purple,Diamond,Blue
1234,Street,Blue2,Red,Blue
1235,Goldenhour,Darkblue,Purple,Red
1236,Goldenhour,Pink,Purple,Blue
1237,Stadium,Purple,Purple,Green
1238,Tunnel,Red,Blue,Diamond
1239,Street,Darkgreen,Green,White
1240,Changingroom,Red,Red,Green
1241,Street,Green,Yellow,Blue
1242,Goldenhour,Darkblue,White-blue,Red
1243,Changingroom,Green,Gold,White
1244,Street,Gold,Diamond,White
1245,Changingroom,Darkgreen,White-red,Green
1246,Street,Blue2,White,Green
1247,Stadium,Blue2,White-blue,Green
1248,Ancient,Pink,Red,Red
1249,Changingroom,Purple,Yellow,Green
1250,Goldenhour,Purple,Yellow,Black
1251,Tunnel,Green,Pink,Black
1252,Stadium,Darkgreen,White-red,White
1253,Street,Darkgreen,Purple,Gold
1254,Ancient,Gold,Red,Black
1255,Changingroom,Darkgreen,White-purple,Blue
1256,Street,Purple,Green,Red
1257,Stadium,Darkgreen,Purple,Purple
1258,Tunnel,Blue2,White-blue,Purple
1259,Tunnel,Green,White-red,Red
1260,Stadium,Green,Red,Purple
1261,Stadium,Blue,Blue,Purple
1262,Changingroom,Pink,Purple,Green
1263,Tunnel,Darkgreen,White-purple,White
1264,Tunnel,Darkblue,Green,Blue
1265,Changingroom,Purple,White-blue,Black
1266,Changingroom,Darkgreen,Purple,Black
1267,Stadium,Red,Diamond,White
1268,Changingroom,Pink,Blue,Purple
1269,Changingroom,Pink,White-blue,Blue
1270,Tunnel,Darkblue,White-red,Green
1271,Goldenhour,Darkgreen,White-red,Red
1272,Stadium,Red,White-blue,Blue
1273,Stadium,Red,White-purple,White
1274,Changingroom,Blue2,White-purple,Purple
1275,Changingroom,Blue,Green,Gold
1276,Tunnel,Darkgreen,Red,White
1277,Changingroom,Red,Pink,Blue
1278,Tunnel,Pink,White-red,Purple
1279,Changingroom,Darkblue,White-purple,White
1280,Ancient,Green,White-purple,Blue
1281,Changingroom,Darkgreen,Blue,Red
1282,Ancient,Darkgreen,Green,Blue
1283,Street,Gold,White-red,Black
1284,Changingroom,Purple,White,Purple
1285,Goldenhour,Red,Pink,Purple
1286,Goldenhour,Blue,Gold,Red
1287,Goldenhour,Darkgreen,Blue,Black
1288,Tunnel,Blue2,Yellow,Blue
1289,Stadium,Darkgreen,White-purple,Green
1290,Goldenhour,Blue,White-red,Green
1291,Street,Purple,Gold,Black
1292,Goldenhour,Gold,Purple,Green
1293,Changingroom,Green,Green,Diamond
1294,Ancient,Darkgreen,Diamond,Blue
1295,Goldenhour,Gold,Green,Red
1296,Street,Red,Green,Green
1297,Street,Darkblue,Red,Green
1298,Ancient,Blue,Blue,Red
1299,Changingroom,Blue2,Green,Green
1300,Tunnel,Darkblue,Yellow,Green
1301,Street,Darkgreen,White,Green
1302,Stadium,Blue,Green,Blue
1303,Goldenhour,Green,White-purple,Red
1304,Street,Red,Red,Purple
1305,Goldenhour,Pink,Yellow,Red
1306,Stadium,Darkblue,White,Black
1307,Goldenhour,Darkgreen,White-pink,White
1308,Street,Pink,Pink,Green
1309,Stadium,Green,White-red,Red
1310,Goldenhour,Blue,Yellow,Gold
1311,Tunnel,Blue2,White,Gold
1312,Tunnel,Darkblue,Green,Red
1313,Tunnel,Darkblue,White-blue,Purple
1314,Goldenhour,Red,Yellow,Blue
1315,Stadium,Pink,Blue,Purple
1316,Stadium,Blue2,White,Purple
1317,Changingroom,Green,Purple,Green
1318,Ancient,Purple,Purple,Purple
1319,Goldenhour,Purple,White-blue,Red
1320,Goldenhour,Darkgreen,White-purple,Red
1321,Goldenhour,Green,Blue,Blue
1322,Changingroom,Blue,White-red,Blue
1323,Tunnel,Purple,White-blue,Purple
1324,Stadium,Blue,Blue,Blue
1325,Tunnel,Darkblue,Blue,Green
1326,Street,Gold,White-purple,Red
1327,Stadium,Darkblue,White-pink,White
1328,Goldenhour,Darkblue,Red,Blue
1329,Tunnel,Darkblue,Purple,Purple
1330,Stadium,Blue,White-purple,Black
1331,Stadium,Pink,Gold,Blue
1332,Stadium,Darkblue,White-purple,Green
1333,Changingroom,Purple,Pink,Green
1334,Goldenhour,Darkgreen,Purple,Black
1335,Goldenhour,Blue,Blue,Gold
1336,Tunnel,Blue,Gold,Green
1337,Tunnel,Blue,White-pink,Red
1338,Tunnel,Blue,Pink,Black
1339,Changingroom,Darkblue,Red,Purple
1340,Street,Darkgreen,Purple,Blue
1341,Stadium,Blue2,White-blue,Black
1342,Changingroom,Purple,Green,Green
1343,Goldenhour,Darkgreen,White-pink,Blue
1344,Stadium,Blue,White-purple,Purple
1345,Goldenhour,Blue2,Pink,White
1346,Street,Gold,White-pink,Red
1347,Goldenhour,Darkblue,White-red,Blue
1348,Street,Red,White-red,Gold
1349,Goldenhour,Red,Red,Red
1350,Street,Green,Green,White
1351,Tunnel,Darkgreen,Pink,White
1352,Goldenhour,Darkgreen,Diamond,Black
1353,Street,Blue,White,Blue
1354,Street,Purple,Pink,Purple
1355,Street,Pink,White-purple,White
1356,Street,Purple,Pink,Diamond
1357,Tunnel,Pink,White-pink,Purple
1358,Tunnel,Gold,Gold,White
1359,Tunnel,Darkblue,Blue,Black
1360,Tunnel,Purple,Blue,Gold
1361,Goldenhour,Darkblue,Diamond,Green
1362,Goldenhour,Blue,Red,Red
1363,Street,Red,White,White
1364,Street,Gold,White-pink,Green
1365,Tunnel,Blue,Red,Green
1366,Changingroom,Pink,White-red,Green
1367,Ancient,Green,White-pink,Green
1368,Changingroom,Blue,Diamond,Green
1369,Goldenhour,Blue2,Yellow,Purple
1370,Tunnel,Red,Pink,Red
1371,Stadium,Purple,White-pink,Green
1372,Stadium,Blue,Blue,Red
1373,Street,Green,White,Green
1374,Goldenhour,Red,White,White
1375,Ancient,Pink,White-blue,Green
1376,Street,Gold,White,Red
1377,Street,Purple,White-red,Green
1378,Tunnel,Darkblue,White-purple,Blue
1379,Changingroom,Red,Green,White
1380,Goldenhour,Red,White-red,Black
1381,Goldenhour,Green,White-pink,Green
1382,Goldenhour,Pink,Pink,Purple
1383,Changingroom,Gold,White-pink,Blue
1384,Tunnel,Gold,Pink,Green
1385,Changingroom,Green,Pink,Red
1386,Tunnel,Red,Purple,Green
1387,Changingroom,Red,Blue,Red
1388,Street,Pink,White,Black
1389,Goldenhour,Blue,White-blue,Green
1390,Changingroom,Darkblue,White-pink,Blue
1391,Tunnel,Blue2,White-pink,Red
1392,Street,Blue2,Blue,Purple
1393,Changingroom,Blue2,Pink,White
1394,Street,Green,Gold,Green
1395,Goldenhour,Darkblue,Purple,Black
1396,Street,Red,Green,Blue
1397,Changingroom,Green,White-red,Purple
1398,Tunnel,Darkblue,White,Red
1399,Street,Blue,White-pink,Purple
1400,Street,Green,White,Red
1401,Street,Green,Purple,Black
1402,Changingroom,Darkgreen,Purple,Gold
1403,Stadium,Blue2,White-pink,Black
1404,Stadium,Darkgreen,Yellow,White
1405,Street,Green,Red,Blue
1406,Street,Blue2,White-pink,Gold
1407,Changingroom,Pink,Green,Red
1408,Stadium,Purple,White-red,Blue
1409,Street,Darkgreen,Red,Black
1410,Street,Purple,Blue,Blue
1411,Changingroom,Pink,White,White
1412,Changingroom,Purple,Purple,Blue
1413,Stadium,Blue,Gold,White
1414,Changingroom,Blue,Pink,Gold
1415,Street,Blue2,White-pink,Green
1416,Tunnel,Darkblue,White-blue,Black
1417,Goldenhour,Blue,Gold,Black
1418,Tunnel,Blue2,Purple,White
1419,Tunnel,Green,White-blue,Gold
1420,Stadium,Green,Red,White
1421,Changingroom,Blue2,White-purple,Green
1422,Ancient,Blue,Green,Black
1423,Stadium,Blue,Blue,Black
1424,Stadium,Pink,White-red,Black
1425,Street,Red,White-blue,Green
1426,Tunnel,Darkgreen,White-blue,Purple
1427,Street,Blue2,White-red,Gold
1428,Goldenhour,Red,Purple,Red
1429,Changingroom,Red,Purple,Red
1430,Changingroom,Red,Blue,Green
1431,Stadium,Purple,Pink,Black
1432,Tunnel,Blue2,White-blue,Diamond
1433,Goldenhour,Red,Purple,Gold
1434,Goldenhour,Blue2,Purple,Purple
1435,Goldenhour,Pink,Red,Blue
1436,Tunnel,Blue2,Pink,White
1437,Street,Blue2,Red,Red
1438,Street,Red,White-red,Diamond
1439,Street,Darkblue,Pink,White
1440,Ancient,Purple,Green,White
1441,Changingroom,Red,White-purple,Red
1442,Tunnel,Blue,Green,Blue
1443,Ancient,Blue2,White-blue,Green
1444,Ancient,Green,Red,Red
1445,Changingroom,Blue2,White-pink,Black
1446,Tunnel,Purple,Diamond,Purple
1447,Tunnel,Green,White-red,Black
1448,Street,Blue,White-red,Blue
1449,Goldenhour,Purple,Yellow,Green
1450,Changingroom,Green,Pink,Black
1451,Street,Darkgreen,White-pink,Purple
1452,Changingroom,Green,Purple,Diamond
1453,Stadium,Darkgreen,White-purple,White
1454,Changingroom,Purple,Yellow,Purple
1455,Street,Darkgreen,Yellow,Green
1456,Tunnel,Darkgreen,Yellow,Black
1457,Goldenhour,Blue,Yellow,Green
1458,Changingroom,Blue2,Red,Gold
1459,Changingroom,Blue2,White-blue,Black
1460,Tunnel,Blue2,Green,Green
1461,Goldenhour,Red,Gold,Green
1462,Changingroom,Red,Diamond,White
1463,Tunnel,Blue2,Pink,Green
1464,Goldenhour,Darkblue,White-pink,Black
1465,Tunnel,Blue2,Red,Green
1466,Ancient,Blue2,Blue,Green
1467,Tunnel,Darkblue,Pink,Purple
1468,Street,Blue,Purple,Blue
1469,Tunnel,Gold,White,Blue
1470,Goldenhour,Darkblue,White-red,White
1471,Changingroom,Red,White,Green
1472,Street,Red,Yellow,Green
1473,Goldenhour,Green,Gold,White
1474,Stadium,Pink,White-purple,Purple
1475,Ancient,Red,Yellow,White
1476,Goldenhour,Pink,Blue,Purple
1477,Tunnel,Darkgreen,White,Black
1478,Tunnel,Pink,Yellow,Purple
1479,Street,Green,Diamond,Green
1480,Stadium,Purple,White-red,Black
1481,Changingroom,Red,White-pink,Purple
1482,Tunnel,Pink,White-pink,Red
1483,Stadium,Pink,Diamond,Gold
1484,Goldenhour,Blue,Purple,Black
1485,Street,Purple,Green,White
1486,Tunnel,Red,Green,Black
1487,Goldenhour,Red,Purple,Purple
1488,Stadium,Purple,White-pink,Red
1489,Changingroom,Red,Purple,Purple
1490,Stadium,Gold,White,Red
1491,Goldenhour,Blue,White-red,Purple
1492,Street,Darkgreen,White,Purple
1493,Street,Blue,Green,Green
1494,Street,Red,Yellow,White
1495,Stadium,Darkgreen,White,Green
1496,Street,Purple,Pink,Black
1497,Changingroom,Red,White,Red
1498,Tunnel,Darkblue,Pink,Diamond
1499,Street,Green,White-pink,Black
1500,Goldenhour,Green,Green,Purple
1501,Street,Gold,White,White
1502,Goldenhour,Blue,Gold,Gold
1503,Goldenhour,Purple,White,Red
1504,Stadium,Red,Blue,Blue
1505,Goldenhour,Darkblue,White-red,Green
1506,Ancient,Darkblue,White-pink,Blue
1507,Changingroom,Darkblue,Red,Blue
1508,Street,Blue,Red,Red
1509,Tunnel,Purple,Pink,Diamond
1510,Street,Gold,Gold,White
1511,Stadium,Gold,Blue,Green
1512,Stadium,Darkblue,White-red,Red
1513,Stadium,Red,Gold,White
1514,Stadium,Darkblue,Blue,Blue
1515,Goldenhour,Darkgreen,White,White
1516,Stadium,Blue,White,Blue
1517,Goldenhour,Blue,White-red,White
1518,Stadium,Red,White-pink,White
1519,Changingroom,Red,Red,White
1520,Ancient,Red,Green,White
1521,Street,Blue,Yellow,Green
1522,Changingroom,Green,White-blue,Green
1523,Stadium,Pink,White-pink,Red
1524,Goldenhour,Purple,White-purple,Blue
1525,Changingroom,Darkblue,White-blue,Blue
1526,Tunnel,Darkgreen,Pink,Diamond
1527,Tunnel,Gold,Pink,Purple
1528,Street,Blue,White-purple,Green
1529,Changingroom,Red,Red,Black
1530,Stadium,Blue,Purple,White
1531,Changingroom,Purple,Purple,Diamond
1532,Street,Blue,White-pink,Gold
1533,Changingroom,Red,White-purple,Purple
1534,Goldenhour,Pink,Purple,White
1535,Ancient,Pink,Blue,Blue
1536,Goldenhour,Purple,Pink,Purple
1537,Stadium,Darkblue,Green,Blue
1538,Changingroom,Gold,White,Blue
1539,Changingroom,Pink,Diamond,Green
1540,Tunnel,Pink,Diamond,Purple
1541,Changingroom,Red,White-blue,Gold
1542,Goldenhour,Blue2,Blue,Green
1543,Stadium,Purple,Yellow,White
1544,Tunnel,Blue2,White-blue,Green
1545,Street,Gold,Pink,Blue
1546,Street,Red,Diamond,White
1547,Street,Darkblue,Blue,Gold
1548,Goldenhour,Blue2,White-pink,Black
1549,Street,Blue,Green,Blue
1550,Goldenhour,Blue,Green,Blue
1551,Stadium,Darkgreen,White-red,Green
1552,Street,Darkgreen,White-purple,Black
1553,Stadium,Gold,White-blue,Black
1554,Street,Green,Gold,Black
1555,Tunnel,Darkgreen,White-blue,Blue
1556,Goldenhour,Blue,White-pink,Gold
1557,Changingroom,Blue2,Blue,Blue
1558,Tunnel,Darkgreen,White-blue,White
1559,Stadium,Pink,Pink,Blue
1560,Ancient,Green,Purple,Green
1561,Changingroom,Pink,White-purple,Blue
1562,Ancient,Green,White-purple,Purple
1563,Changingroom,Blue,Red,Red
1564,Goldenhour,Blue2,Red,White
1565,Goldenhour,Blue2,Yellow,Blue
1566,Tunnel,Darkgreen,White-red,Green
1567,Stadium,Darkblue,Red,White
1568,Tunnel,Blue2,Green,Red
1569,Stadium,Green,Purple,Blue
1570,Changingroom,Pink,Purple,Red
1571,Tunnel,Purple,Blue,Purple
1572,Stadium,Purple,White-blue,Purple
1573,Street,Green,Purple,Purple
1574,Street,Blue2,Blue,Green
1575,Tunnel,Green,Purple,White
1576,Tunnel,Red,White-red,Black
1577,Tunnel,Green,Green,Red
1578,Tunnel,Purple,Purple,Purple
1579,Street,Darkgreen,White-pink,Gold
1580,Changingroom,Purple,White-blue,White
1581,Stadium,Darkblue,Purple,Purple
1582,Tunnel,Darkblue,White-pink,White
1583,Tunnel,Blue,Yellow,Black
1584,Street,Pink,Red,White
1585,Changingroom,Green,White-blue,White
1586,Changingroom,Purple,Blue,Purple
1587,Street,Pink,Blue,Black
1588,Stadium,Blue,Green,Green
1589,Street,Pink,Blue,Purple
1590,Changingroom,Purple,Red,Green
1591,Changingroom,Blue2,Green,White
1592,Tunnel,Blue,Red,White
1593,Goldenhour,Purple,Pink,Red
1594,Tunnel,Blue2,Diamond,Black
1595,Goldenhour,Blue,White,Green
1596,Tunnel,Purple,Purple,White
1597,Ancient,Blue2,Yellow,Red
1598,Stadium,Darkgreen,Pink,Black
1599,Goldenhour,Darkgreen,Red,Green
1600,Stadium,Blue2,White-purple,White
1601,Stadium,Purple,Pink,White
1602,Stadium,Pink,White-pink,White
1603,Ancient,Blue2,White-purple,Black
1604,Stadium,Blue,Diamond,Gold
1605,Goldenhour,Darkgreen,Red,Black
1606,Street,Darkgreen,White,Blue
1607,Street,Purple,Red,Green
1608,Goldenhour,Blue,Yellow,White
1609,Stadium,Blue2,Pink,Red
1610,Stadium,Green,Blue,Purple
1611,Changingroom,Pink,Pink,Blue
1612,Goldenhour,Blue2,Gold,Red
1613,Changingroom,Darkgreen,Purple,Blue
1614,Street,Blue,White,White
1615,Stadium,Purple,Diamond,Purple
1616,Street,Pink,Yellow,Green
1617,Tunnel,Purple,Gold,Gold
1618,Street,Blue2,Pink,Red
1619,Tunnel,Darkblue,Gold,Purple
1620,Tunnel,Green,Purple,Gold
1621,Tunnel,Purple,Blue,Black
1622,Tunnel,Darkblue,Blue,Red
1623,Goldenhour,Darkblue,Yellow,Black
1624,Tunnel,Purple,White-red,Red
1625,Street,Gold,Blue,Black
1626,Tunnel,Blue2,White-pink,Purple
1627,Street,Red,Red,Black
1628,Goldenhour,Green,White-purple,Black
1629,Ancient,Purple,White-pink,Purple
1630,Tunnel,Red,Blue,Green
1631,Street,Pink,Green,White
1632,Stadium,Darkgreen,Blue,Blue
1633,Goldenhour,Purple,Purple,Blue
1634,Ancient,Blue,Gold,Green
1635,Stadium,Blue,White-pink,White
1636,Goldenhour,Darkgreen,Purple,Red
1637,Ancient,Blue,White,Red
1638,Tunnel,Red,White-blue,Red
1639,Goldenhour,Green,Blue,Red
1640,Changingroom,Darkblue,Yellow,Green
1641,Stadium,Darkgreen,White-blue,Blue
1642,Tunnel,Blue,White-pink,White
1643,Stadium,Green,White-purple,Red
1644,Stadium,Blue,Red,Red
1645,Tunnel,Red,White-purple,White
1646,Changingroom,Pink,White-red,Purple
1647,Changingroom,Darkgreen,Pink,Green
1648,Stadium,Green,Red,Red
1649,Changingroom,Purple,Green,Black
1650,Goldenhour,Green,Pink,Black
1651,Tunnel,Blue,Purple,White
1652,Street,Darkblue,White,Black
1653,Goldenhour,Blue,Diamond,Red
1654,Tunnel,Pink,Purple,White
1655,Stadium,Darkblue,White-pink,Blue
1656,Ancient,Gold,Purple,Blue
1657,Goldenhour,Darkgreen,Blue,Red
1658,Ancient,Darkblue,White,White
1659,Tunnel,Purple,Pink,Purple
1660,Street,Darkblue,White-pink,Purple
1661,Ancient,Gold,White-red,Purple
1662,Stadium,Red,White-red,White
1663,Stadium,Gold,White-purple,Green
1664,Changingroom,Red,White-red,Blue
1665,Stadium,Pink,Yellow,Purple
1666,Tunnel,Blue,Diamond,Black
1667,Tunnel,Blue2,White-purple,Black
1668,Goldenhour,Pink,Blue,Black
1669,Ancient,Purple,Green,Gold
1670,Street,Green,Green,Green
1671,Stadium,Blue,Blue,Green
1672,Stadium,Darkgreen,White,Blue
1673,Goldenhour,Blue2,White-blue,Black
1674,Goldenhour,Blue2,White-blue,Green
1675,Tunnel,Blue2,White-red,Diamond
1676,Goldenhour,Gold,White-purple,Purple
1677,Goldenhour,Pink,Blue,Blue
1678,Goldenhour,Red,White-purple,Purple
1679,Tunnel,Pink,White-purple,Purple
1680,Goldenhour,Blue2,Purple,Red
1681,Tunnel,Blue2,White-red,Red
1682,Changingroom,Darkgreen,Green,Green
1683,Goldenhour,Blue2,Purple,Green
1684,Changingroom,Pink,Pink,Red
1685,Changingroom,Blue2,White-pink,Green
1686,Ancient,Red,Yellow,Black
1687,Tunnel,Purple,White-pink,Black
1688,Goldenhour,Blue2,Red,Blue
1689,Goldenhour,Blue2,Green,Black
1690,Street,Red,White-purple,Blue
1691,Tunnel,Gold,Blue,Black
1692,Stadium,Red,White-pink,Black
1693,Goldenhour,Darkblue,Red,Purple
1694,Stadium,Blue,Diamond,Red
1695,Goldenhour,Red,Green,Purple
1696,Goldenhour,Blue2,White-purple,White
1697,Tunnel,Darkblue,White-pink,Red
1698,Tunnel,Darkblue,Pink,Blue
1699,Stadium,Darkgreen,Purple,Gold
1700,Street,Darkgreen,Green,Black
1701,Street,Blue2,White,Gold
1702,Ancient,Blue2,White-blue,Black
1703,Goldenhour,Green,Gold,Red
1704,Stadium,Purple,White-pink,Blue
1705,Stadium,Blue,Yellow,White
1706,Street,Darkgreen,White-purple,Red
1707,Street,Pink,Pink,White
1708,Street,Pink,White-blue,Purple
1709,Street,Purple,White-blue,Purple
1710,Changingroom,Darkblue,Gold,Red
1711,Ancient,Pink,White-blue,Black
1712,Street,Red,Green,Purple
1713,Changingroom,Blue2,Red,Blue
1714,Street,Darkblue,Pink,Purple
1715,Tunnel,Red,White-red,Purple
1716,Goldenhour,Blue2,Yellow,Black
1717,Stadium,Blue2,White-blue,Red
1718,Ancient,Blue,White-red,Red
1719,Goldenhour,Red,White-purple,Black
1720,Goldenhour,Darkblue,Pink,Green
1721,Tunnel,Purple,White-red,Black
1722,Stadium,Red,Red,Green
1723,Stadium,Darkgreen,Blue,Purple
1724,Stadium,Green,White-purple,White
1725,Goldenhour,Darkgreen,White-blue,Blue
1726,Street,Blue,Green,Purple
1727,Tunnel,Pink,Yellow,Black
1728,Changingroom,Purple,Diamond,Purple
1729,Stadium,Blue2,Green,Green
1730,Goldenhour,Red,White,Green
1731,Stadium,Darkblue,White-purple,White
1732,Changingroom,Red,Green,Blue
1733,Ancient,Purple,White-purple,Purple
1734,Stadium,Blue2,Green,White
1735,Changingroom,Red,Gold,White
1736,Changingroom,Blue,White-red,White
1737,Stadium,Green,White-purple,Green
1738,Tunnel,Pink,White-pink,Black
1739,Changingroom,Red,Red,Red
1740,Tunnel,Blue2,Diamond,Purple
1741,Changingroom,Green,White-pink,Red
1742,Stadium,Darkblue,Green,Green
1743,Changingroom,Pink,White-red,Black
1744,Stadium,Darkgreen,Green,Black
1745,Tunnel,Pink,Yellow,White
1746,Goldenhour,Darkgreen,Green,Blue
1747,Street,Blue,Yellow,White
1748,Tunnel,Blue2,White-purple,Red
1749,Tunnel,Blue2,White,Black
1750,Stadium,Darkblue,White,Purple
1751,Stadium,Darkgreen,Purple,Red
1752,Changingroom,Purple,White-red,Green
1753,Stadium,Green,Blue,White
1754,Changingroom,Red,White,Black
1755,Goldenhour,Darkblue,White-purple,White
1756,Ancient,Purple,Blue,Blue
1757,Street,Gold,White-pink,Black
1758,Stadium,Purple,White-red,White
1759,Stadium,Darkblue,White-red,Black
1760,Tunnel,Darkgreen,White,White
1761,Street,Purple,Gold,Green
1762,Street,Blue2,Gold,Red
1763,Goldenhour,Darkblue,Yellow,White
1764,Ancient,Darkblue,Red,Purple
1765,Goldenhour,Red,Gold,Red
1766,Goldenhour,Darkgreen,Yellow,Diamond
1767,Stadium,Red,Yellow,Green
1768,Changingroom,Purple,Pink,White
1769,Stadium,Gold,Blue,White
1770,Tunnel,Purple,Green,Diamond
1771,Street,Darkgreen,Purple,White
1772,Tunnel,Blue2,Green,Black
1773,Street,Blue2,White-blue,Purple
1774,Street,Blue,White-pink,Green
1775,Ancient,Purple,White,Green
1776,Street,Green,White-purple,White
1777,Changingroom,Purple,White-blue,Green
1778,Ancient,Blue2,White-pink,Blue
1779,Changingroom,Darkblue,Yellow,Red
1780,Stadium,Darkgreen,Pink,White
1781,Stadium,Blue2,Yellow,Diamond
1782,Tunnel,Blue,Purple,Gold
1783,Stadium,Blue,Pink,Blue
1784,Goldenhour,Blue2,White-pink,Red
1785,Tunnel,Blue2,White-purple,Blue
1786,Tunnel,Purple,Blue,Red
1787,Stadium,Red,White,Green
1788,Stadium,Purple,Blue,Black
1789,Tunnel,Green,Gold,Green
1790,Changingroom,Red,White-pink,Green
1791,Stadium,Green,White,Red
1792,Goldenhour,Darkgreen,Blue,Green
1793,Stadium,Darkgreen,White,Purple
1794,Stadium,Purple,White-blue,Red
1795,Goldenhour,Blue2,White-red,Diamond
1796,Stadium,Pink,White-pink,Black
1797,Changingroom,Blue2,Blue,White
1798,Goldenhour,Darkblue,White-purple,Green
1799,Street,Blue,White-blue,White
1800,Ancient,Blue,Red,White
1801,Stadium,Red,Green,Green
1802,Tunnel,Purple,Red,Black
1803,Stadium,Darkgreen,White-pink,Red
1804,Changingroom,Green,Red,Blue
1805,Ancient,Red,Green,Red
1806,Street,Pink,Gold,Green
1807,Goldenhour,Darkgreen,Blue,Blue
1808,Tunnel,Blue,Red,Black
1809,Street,Darkgreen,Red,Red
1810,Stadium,Red,Blue,White
1811,Changingroom,Blue,Gold,White
1812,Changingroom,Green,White-blue,Diamond
1813,Stadium,Darkgreen,White-red,Purple
1814,Street,Red,Blue,Purple
1815,Goldenhour,Blue,White-pink,Green
1816,Tunnel,Purple,White-blue,White
1817,Stadium,Green,Red,Black
1818,Changingroom,Purple,Blue,Green
1819,Tunnel,Red,Yellow,White
1820,Stadium,Red,White-red,Black
1821,Goldenhour,Green,White-pink,Purple
1822,Stadium,Blue,White,Black
1823,Goldenhour,Gold,White-red,Green
1824,Stadium,Green,Red,Blue
1825,Changingroom,Darkgreen,White-pink,Diamond
1826,Changingroom,Darkgreen,Diamond,White
1827,Street,Darkblue,White-blue,Purple
1828,Stadium,Gold,White-pink,Gold
1829,Street,Darkblue,Blue,Purple
1830,Stadium,Blue,Green,White
1831,Stadium,Green,White-red,Green
1832,Goldenhour,Blue,Purple,Gold
1833,Goldenhour,Blue,Diamond,White
1834,Stadium,Green,Purple,Green
1835,Tunnel,Purple,Yellow,Blue
1836,Changingroom,Red,White-purple,Black
1837,Stadium,Darkgreen,Green,Red
1838,Tunnel,Purple,White-red,White
1839,Tunnel,Blue2,Blue,Black
1840,Goldenhour,Darkgreen,White,Purple
1841,Goldenhour,Red,Pink,White
1842,Street,Darkblue,White-red,Red
1843,Stadium,Blue,Yellow,Red
1844,Street,Darkblue,Yellow,Blue
1845,Stadium,Red,Yellow,Purple
1846,Goldenhour,Red,White-blue,Red
1847,Street,Green,Pink,Red
1848,Tunnel,Purple,Pink,Blue
1849,Stadium,Red,White-blue,Green
1850,Changingroom,Darkblue,Red,Black
1851,Tunnel,Darkblue,Yellow,White
1852,Changingroom,Blue,White-blue,White
1853,Street,Darkgreen,Diamond,Black
1854,Street,Green,White-pink,Blue
1855,Stadium,Darkblue,White,Blue
1856,Ancient,Blue,White,Black
1857,Street,Darkblue,Blue,Blue
1858,Tunnel,Purple,White,Black
1859,Changingroom,Gold,White,Black
1860,Tunnel,Darkgreen,Red,Black
1861,Street,Pink,White,Red
1862,Stadium,Green,Purple,Purple
1863,Goldenhour,Blue2,White-red,Black
1864,Tunnel,Darkblue,Purple,Green
1865,Street,Gold,Blue,Blue
1866,Stadium,Purple,White,Black
1867,Stadium,Purple,Yellow,Red
1868,Tunnel,Purple,White-pink,Purple
1869,Tunnel,Gold,White-purple,Red
1870,Goldenhour,Green,White,Red
1871,Tunnel,Darkgreen,White-pink,White
1872,Tunnel,Darkgreen,White-purple,Blue
1873,Changingroom,Darkgreen,White-red,Purple
1874,Stadium,Blue,Purple,Red
1875,Street,Darkgreen,Yellow,Black
1876,Goldenhour,Blue,White,Red
1877,Stadium,Darkgreen,White-purple,Purple
1878,Street,Darkblue,Red,Blue
1879,Goldenhour,Gold,Yellow,Green
1880,Tunnel,Red,White-pink,Green
1881,Goldenhour,Purple,Green,Purple
1882,Street,Darkgreen,Gold,Red
1883,Stadium,Green,White,Black
1884,Street,Blue2,Green,White
1885,Stadium,Green,Blue,Blue
1886,Stadium,Red,Gold,Black
1887,Goldenhour,Blue,White-pink,Blue
1888,Changingroom,Blue,White-purple,Blue
1889,Tunnel,Darkblue,Blue,Blue
1890,Changingroom,Darkblue,Diamond,Blue
1891,Tunnel,Purple,White-pink,Blue
1892,Tunnel,Purple,Purple,Blue
1893,Changingroom,Pink,Yellow,Red
1894,Tunnel,Blue,Blue,White
1895,Goldenhour,Green,White-pink,White
1896,Stadium,Blue2,White-blue,Gold
1897,Street,Red,Yellow,Red
1898,Stadium,Darkgreen,Red,Green
1899,Goldenhour,Purple,Yellow,Blue
1900,Ancient,Blue,Purple,Black
1901,Street,Red,Diamond,Purple
1902,Ancient,Green,White-pink,Purple
1903,Street,Blue,White-blue,Black
1904,Goldenhour,Green,Purple,Blue
1905,Changingroom,Purple,White-pink,Red
1906,Changingroom,Blue2,Green,Red
1907,Stadium,Darkblue,White-pink,Red
1908,Street,Green,White-red,Black
1909,Street,Darkgreen,Blue,Purple
1910,Tunnel,Red,Blue,Black
1911,Changingroom,Blue2,Pink,Black
1912,Street,Blue,White-red,Red
1913,Tunnel,Blue2,Purple,Green
1914,Tunnel,Blue,White-red,Red
1915,Changingroom,Blue2,Yellow,Green
1916,Goldenhour,Pink,White-pink,Green
1917,Stadium,Pink,Red,Purple
1918,Street,Purple,White-blue,Blue
1919,Street,Red,White-blue,Red
1920,Tunnel,Blue2,White-red,Black
1921,Ancient,Blue,White-blue,Purple
1922,Goldenhour,Pink,Red,Green
1923,Changingroom,Pink,Yellow,Blue
1924,Tunnel,Blue,White-pink,Blue
1925,Changingroom,Purple,Green,Blue
1926,Stadium,Darkgreen,White,Gold
1927,Street,Green,Pink,White
1928,Changingroom,Purple,White-purple,Purple
1929,Tunnel,Blue2,Red,Purple
1930,Tunnel,Darkgreen,White-red,Red
1931,Tunnel,Blue2,Red,Blue
1932,Goldenhour,Purple,Diamond,Blue
1933,Stadium,Pink,Green,Blue
1934,Goldenhour,Darkgreen,White,Red
1935,Tunnel,Pink,Pink,Green
1936,Tunnel,Blue,White-blue,White
1937,Ancient,Red,White-blue,Diamond
1938,Street,Purple,Purple,Red
1939,Changingroom,Blue,Blue,Purple
1940,Ancient,Blue,Green,Purple
1941,Goldenhour,Green,White-purple,Purple
1942,Goldenhour,Purple,White-pink,White
1943,Changingroom,Pink,Green,Purple
1944,Stadium,Purple,White-purple,White
1945,Street,Pink,Blue,Green
1946,Street,Gold,White-purple,Green
1947,Ancient,Pink,Diamond,Black
1948,Goldenhour,Green,Pink,Green
1949,Street,Darkgreen,White-red,Red
1950,Street,Blue,Pink,Black
1951,Goldenhour,Purple,White-purple,White
1952,Tunnel,Pink,White-red,Blue
1953,Goldenhour,Red,White,Black
1954,Goldenhour,Purple,White,Black
1955,Goldenhour,Darkblue,Red,White
1956,Stadium,Darkblue,Red,Blue
1957,Tunnel,Purple,White-pink,Green
1958,Changingroom,Purple,White,Black
1959,Goldenhour,Blue2,Red,Black
1960,Goldenhour,Green,Red,Blue
1961,Goldenhour,Green,White-blue,Green
1962,Changingroom,Green,Pink,Gold
1963,Changingroom,Blue,Purple,Purple
1964,Goldenhour,Red,Purple,Black
1965,Goldenhour,Green,Yellow,Green
1966,Goldenhour,Darkgreen,White-red,White
1967,Tunnel,Blue2,White-purple,Green
1968,Goldenhour,Darkgreen,White-pink,Green
1969,Stadium,Blue,Green,Black
1970,Street,Darkblue,White,Purple
1971,Street,Blue2,Yellow,Red
1972,Tunnel,Pink,Blue,Green
1973,Street,Blue,White-pink,Red
1974,Goldenhour,Gold,White,White
1975,Street,Blue2,White-red,Red
1976,Changingroom,Pink,Red,Green
1977,Changingroom,Blue,White-red,Red
1978,Street,Darkblue,Pink,Green
1979,Tunnel,Darkblue,White,White
1980,Street,Red,Yellow,Black
1981,Stadium,Pink,Purple,Blue
1982,Street,Blue2,Pink,White
1983,Street,Blue,Red,Blue
1984,Changingroom,Pink,White-red,Blue
1985,Goldenhour,Darkblue,White,Blue
1986,Goldenhour,Pink,White-purple,Diamond
1987,Stadium,Darkgreen,Gold,Black
1988,Changingroom,Darkblue,Green,Purple
1989,Changingroom,Red,Green,Green
1990,Goldenhour,Darkgreen,Red,Purple
1991,Tunnel,Darkblue,White,Diamond
1992,Goldenhour,Blue,White-red,Blue
1993,Changingroom,Gold,Purple,Green
1994,Tunnel,Darkblue,Red,Gold
1995,Street,Purple,White-pink,White
1996,Tunnel,Darkgreen,Blue,Diamond
1997,Goldenhour,Purple,Red,Black
1998,Changingroom,Green,Blue,Red
1999,Stadium,Blue2,Green,Purple
2000,Tunnel,Pink,Purple,Black
2001,Ancient,Red,Purple,Blue
2002,Changingroom,Blue2,Gold,Black
2003,Changingroom,Darkgreen,Gold,Red
2004,Stadium,Red,Purple,Black
2005,Tunnel,Blue,Green,White
2006,Stadium,Darkblue,White,Diamond
2007,Stadium,Darkblue,White-blue,Purple
2008,Stadium,Darkgreen,Blue,Red
2009,Street,Blue2,White-pink,Red
2010,Goldenhour,Red,White,Red
2011,Stadium,Blue,White,Gold
2012,Changingroom,Red,Blue,Purple
2013,Changingroom,Darkgreen,Diamond,Red
2014,Tunnel,Blue2,White,Red
2015,Stadium,Blue,Pink,Purple
2016,Street,Darkblue,Blue,White
2017,Tunnel,Pink,Pink,White
2018,Tunnel,Red,White,Green
2019,Ancient,Purple,White-blue,Green
2020,Goldenhour,Purple,Green,Gold
2021,Tunnel,Purple,Red,Blue
2022,Changingroom,Gold,Green,Purple
2023,Tunnel,Blue,White-purple,Black
2024,Changingroom,Red,Diamond,Blue
2025,Stadium,Blue,White-pink,Red
2026,Street,Blue2,Green,Blue
2027,Goldenhour,Green,Purple,Purple
2028,Tunnel,Purple,White-blue,Blue
2029,Changingroom,Purple,Blue,Diamond
2030,Ancient,Blue2,White-blue,Red
2031,Stadium,Red,Red,Purple
2032,Tunnel,Darkblue,Pink,White
2033,Changingroom,Darkblue,Gold,Purple
2034,Ancient,Blue,Blue,Green
2035,Tunnel,Blue,Blue,Blue
2036,Goldenhour,Green,White-blue,Blue
2037,Street,Pink,White-blue,Black
2038,Tunnel,Red,White,Black
2039,Goldenhour,Pink,Gold,Purple
2040,Goldenhour,Darkblue,Purple,Blue
2041,Stadium,Darkgreen,Green,Green
2042,Changingroom,Blue,Pink,White
2043,Street,Purple,Red,Purple
2044,Ancient,Pink,White,Purple
2045,Changingroom,Darkblue,White-blue,Green
2046,Changingroom,Darkgreen,Blue,Black
2047,Changingroom,Gold,White,Green
2048,Tunnel,Blue,White-pink,Green
2049,Stadium,Red,White-purple,Black
2050,Goldenhour,Purple,White-blue,Green
2051,Street,Purple,White,White
2052,Goldenhour,Blue,White-purple,Red
2053,Goldenhour,Blue2,White-purple,Red
2054,Street,Red,Red,Diamond
2055,Tunnel,Red,White-pink,White
2056,Goldenhour,Purple,Red,Blue
2057,Changingroom,Red,White-red,Gold
2058,Goldenhour,Darkgreen,Blue,White
2059,Ancient,Pink,White-blue,Blue
2060,Ancient,Pink,White-purple,Black
2061,Changingroom,Purple,Yellow,Black
2062,Stadium,Green,Yellow,Purple
2063,Goldenhour,Gold,Red,Purple
2064,Street,Purple,Blue,Red
2065,Ancient,Gold,White-purple,Red
2066,Street,Darkgreen,White-blue,Blue
2067,Street,Blue,Pink,Red
2068,Street,Blue,Yellow,Purple
2069,Stadium,Red,White-pink,Green
2070,Stadium,Blue,White-purple,Blue
2071,Stadium,Pink,Yellow,Red
2072,Ancient,Red,Blue,White
2073,Street,Pink,White-pink,Red
2074,Stadium,Green,White-red,Black
2075,Street,Green,Pink,Diamond
2076,Stadium,Pink,Red,Red
2077,Changingroom,Darkgreen,White-pink,Red
2078,Street,Blue2,White-purple,Red
2079,Goldenhour,Blue,Yellow,Blue
2080,Changingroom,Pink,Red,Purple
2081,Tunnel,Darkblue,White-blue,Blue
2082,Stadium,Purple,Pink,Diamond
2083,Goldenhour,Darkgreen,Green,Red
2084,Street,Darkgreen,White-pink,Blue
2085,Changingroom,Blue,Yellow,Purple
2086,Street,Blue2,Gold,Green
2087,Tunnel,Purple,Gold,Green
2088,Stadium,Gold,Pink,Red
2089,Stadium,Pink,Red,Black
2090,Changingroom,Red,White-purple,White
2091,Street,Gold,Red,Green
2092,Changingroom,Green,Purple,Black
2093,Stadium,Purple,White-purple,Gold
2094,Goldenhour,Darkgreen,Diamond,Red
2095,Stadium,Blue2,White-purple,Purple
2096,Changingroom,Pink,Purple,Purple
2097,Goldenhour,Blue2,Yellow,White
2098,Stadium,Gold,Red,Diamond
2099,Tunnel,Blue2,Yellow,Red
2100,Stadium,Blue,Gold,Blue
2101,Stadium,Darkblue,White-blue,White
2102,Ancient,Darkblue,White,Red
2103,Goldenhour,Darkblue,Blue,Purple
2104,Goldenhour,Blue,White-blue,Purple
2105,Stadium,Pink,Blue,Green
2106,Changingroom,Pink,Diamond,Blue
2107,Tunnel,Darkgreen,Blue,Gold
2108,Tunnel,Blue2,White,Purple
2109,Goldenhour,Blue,Purple,Blue
2110,Stadium,Blue,White-purple,Green
2111,Changingroom,Gold,Gold,Black
2112,Goldenhour,Darkgreen,White-purple,Green
2113,Changingroom,Darkblue,White-blue,White
2114,Street,Blue2,White-red,White
2115,Tunnel,Blue2,Yellow,Purple
2116,Street,Darkblue,Blue,Black
2117,Changingroom,Blue,Pink,Black
2118,Tunnel,Green,Gold,Purple
2119,Street,Gold,Green,Purple
2120,Goldenhour,Darkblue,White-pink,White
2121,Tunnel,Red,Blue,Purple
2122,Street,Green,Blue,White
2123,Street,Green,White-blue,Red
2124,Goldenhour,Green,Red,Black
2125,Changingroom,Blue,Purple,Red
2126,Changingroom,Pink,Green,Diamond
2127,Street,Gold,Blue,Diamond
2128,Tunnel,Green,White-red,Blue
2129,Ancient,Darkgreen,Green,Black
2130,Ancient,Blue,Red,Purple
2131,Tunnel,Blue,Yellow,Purple
2132,Tunnel,Darkgreen,Green,Black
2133,Tunnel,Pink,Diamond,White
2134,Stadium,Darkgreen,Purple,Black
2135,Goldenhour,Red,White-blue,Purple
2136,Stadium,Green,Pink,Purple
2137,Changingroom,Gold,White-purple,Blue
2138,Goldenhour,Blue2,Green,Red
2139,Stadium,Purple,Purple,Black
2140,Stadium,Purple,Gold,White
2141,Goldenhour,Purple,White-purple,Red
2142,Goldenhour,Red,Purple,Green
2143,Changingroom,Blue2,Red,Black
2144,Street,Blue2,White-purple,Purple
2145,Tunnel,Darkblue,Blue,Purple
2146,Goldenhour,Green,White-pink,Black
2147,Stadium,Blue2,Blue,Blue
2148,Stadium,Darkgreen,White-pink,Black
2149,Changingroom,Pink,Pink,Green
2150,Stadium,Purple,Yellow,Green
2151,Tunnel,Green,Red,White
2152,Tunnel,Darkblue,Yellow,Blue
2153,Stadium,Purple,Red,Green
2154,Street,Darkgreen,White-pink,Black
2155,Street,Blue2,Purple,Blue
2156,Stadium,Pink,Diamond,Black
2157,Changingroom,Purple,Red,White
2158,Goldenhour,Purple,White-pink,Green
2159,Changingroom,Blue,White,Blue
2160,Tunnel,Purple,White-purple,Red
2161,Changingroom,Blue,Yellow,Green
2162,Tunnel,Blue,Purple,Black
2163,Tunnel,Darkblue,Red,Purple
2164,Street,Green,White-blue,Blue
2165,Tunnel,Pink,White-blue,Blue
2166,Street,Darkblue,White-blue,Diamond
2167,Street,Green,Purple,White
2168,Changingroom,Blue2,White-pink,White
2169,Tunnel,Red,White,Red
2170,Stadium,Red,Green,Black
2171,Stadium,Pink,Yellow,Black
2172,Changingroom,Purple,Gold,Purple
2173,Changingroom,Pink,Purple,Black
2174,Street,Red,Pink,White
2175,Street,Blue,Yellow,Blue
2176,Tunnel,Blue,White,Black
2177,Goldenhour,Blue2,Green,Gold
2178,Goldenhour,Red,Purple,White
2179,Street,Purple,White-pink,Red
2180,Tunnel,Darkgreen,Diamond,Green
2181,Stadium,Darkblue,Gold,Red
2182,Changingroom,Blue,Blue,Green
2183,Changingroom,Darkblue,White-red,Green
2184,Changingroom,Green,Red,Gold
2185,Goldenhour,Gold,Blue,Purple
2186,Stadium,Purple,Pink,Purple
2187,Tunnel,Pink,Gold,Blue
2188,Tunnel,Purple,White,Diamond
2189,Changingroom,Purple,Purple,Black
2190,Stadium,Pink,Green,Red
2191,Tunnel,Purple,Yellow,Black
2192,Street,Darkblue,White-pink,Blue
2193,Street,Red,White-blue,Black
2194,Stadium,Darkblue,Pink,Black
2195,Tunnel,Red,Green,Green
2196,Street,Blue,Diamond,Black
2197,Stadium,Red,Gold,Green
2198,Goldenhour,Green,Red,Purple
2199,Goldenhour,Blue2,Pink,Purple
2200,Ancient,Darkblue,White-purple,Green
2201,Ancient,Gold,Green,Black
2202,Changingroom,Red,White-red,Green
2203,Ancient,Green,Blue,Black
2204,Changingroom,Darkblue,White-red,Diamond
2205,Tunnel,Red,White-pink,Red
2206,Stadium,Darkblue,Gold,White
2207,Ancient,Pink,Pink,Black
2208,Stadium,Darkblue,Purple,Green
2209,Changingroom,Purple,Pink,Black
2210,Tunnel,Green,White-purple,White
2211,Stadium,Green,Yellow,Blue
2212,Tunnel,Purple,Yellow,Purple
2213,Street,Red,Pink,Green
2214,Tunnel,Darkblue,Pink,Black
2215,Stadium,Blue2,Green,Black
2216,Changingroom,Pink,Yellow,Gold
2217,Stadium,Gold,Blue,Black
2218,Tunnel,Blue,Yellow,White
2219,Ancient,Gold,Blue,Red
2220,Ancient,Darkgreen,Gold,Red
2221,Tunnel,Purple,Green,Green
2222,Tunnel,Darkgreen,Purple,Red
2223,Goldenhour,Pink,White-blue,Blue
2224,Goldenhour,Pink,White,White
2225,Street,Darkblue,White-blue,Green
2226,Changingroom,Blue2,Yellow,Gold
2227,Stadium,Darkblue,Yellow,White
2228,Goldenhour,Blue,Red,Diamond
2229,Ancient,Red,Green,Black
2230,Street,Darkblue,White-pink,Black
2231,Ancient,Pink,Blue,Red
2232,Street,Pink,White-blue,White
2233,Tunnel,Darkgreen,White-red,Black
2234,Goldenhour,Purple,Yellow,Purple
2235,Stadium,Blue,White-red,White
2236,Stadium,Darkblue,Green,Purple
2237,Street,Blue,White-red,Purple
2238,Ancient,Pink,Purple,Gold
2239,Stadium,Blue,Diamond,Purple
2240,Ancient,Blue,Purple,Purple
2241,Goldenhour,Gold,Green,Black
2242,Ancient,Blue,White-blue,Blue
2243,Tunnel,Red,Red,Black
2244,Changingroom,Red,White-red,Purple
2245,Tunnel,Purple,White,White
2246,Tunnel,Red,White-red,Blue
2247,Changingroom,Darkblue,White-red,White
2248,Tunnel,Darkgreen,Blue,Red
2249,Stadium,Red,White-red,Gold
2250,Goldenhour,Purple,Green,Red
2251,Street,Darkgreen,White-purple,White
2252,Tunnel,Gold,Yellow,Purple
2253,Stadium,Pink,Purple,Red
2254,Goldenhour,Red,White-red,Green
2255,Tunnel,Purple,Green,Blue
2256,Stadium,Blue2,White-purple,Diamond
2257,Changingroom,Blue2,Purple,Purple
2258,Street,Pink,White-red,Blue
2259,Ancient,Darkgreen,Pink,White
2260,Street,Darkblue,Purple,Green
2261,Street,Darkgreen,Pink,Diamond
2262,Goldenhour,Blue2,Gold,Black
2263,Changingroom,Pink,White-blue,Red
2264,Tunnel,Blue2,Purple,Gold
2265,Tunnel,Green,Red,Black
2266,Street,Blue,Pink,Green
2267,Street,Gold,Yellow,White
2268,Goldenhour,Green,Green,Red
2269,Changingroom,Green,White,Blue
2270,Street,Gold,Purple,Red
2271,Stadium,Purple,Green,Gold
2272,Street,Red,White-purple,Green
2273,Ancient,Pink,Green,Green
2274,Changingroom,Red,White,Purple
2275,Changingroom,Green,White-purple,Purple
2276,Tunnel,Gold,Purple,White
2277,Tunnel,Darkgreen,Diamond,White
2278,Changingroom,Blue2,White-pink,Blue
2279,Street,Red,Gold,Blue
2280,Changingroom,Blue,Diamond,Blue
2281,Ancient,Pink,White-pink,Green
2282,Changingroom,Darkgreen,White-pink,Black
2283,Street,Purple,Blue,White
2284,Tunnel,Blue2,White-blue,Gold
2285,Street,Green,White-purple,Green
2286,Street,Darkblue,White-red,Blue
2287,Street,Purple,White-blue,White
2288,Street,Blue2,White-red,Green
2289,Stadium,Red,Pink,Black
2290,Changingroom,Pink,Pink,Purple
2291,Changingroom,Pink,Pink,Diamond
2292,Street,Pink,Yellow,White
2293,Goldenhour,Darkgreen,White,Black
2294,Street,Blue,White-blue,Red
2295,Street,Red,Green,Diamond
2296,Tunnel,Purple,Diamond,White
2297,Tunnel,Red,Purple,Purple
2298,Changingroom,Blue,Diamond,Purple
2299,Stadium,Green,White-pink,White
2300,Goldenhour,Darkblue,Red,Gold
2301,Street,Gold,White-purple,Purple
2302,Changingroom,Gold,White-purple,Gold
2303,Stadium,Green,Purple,Black
2304,Changingroom,Red,White-blue,Blue
2305,Changingroom,Red,White-purple,Diamond
2306,Stadium,Blue2,Gold,Blue
2307,Changingroom,Darkgreen,Blue,Gold
2308,Street,Red,Red,Green
2309,Stadium,Red,Purple,Gold
2310,Tunnel,Blue,Red,Purple
2311,Ancient,Darkblue,White-red,Red
2312,Street,Darkgreen,White-red,Purple
2313,Stadium,Darkgreen,Red,Black
2314,Goldenhour,Green,Diamond,Green
2315,Goldenhour,Blue,Gold,Green
2316,Goldenhour,Gold,Blue,White
2317,Street,Red,White-purple,White
2318,Tunnel,Pink,Green,Black
2319,Tunnel,Gold,Red,Green
2320,Changingroom,Gold,White-red,Blue
2321,Changingroom,Purple,Purple,Purple
2322,Changingroom,Green,White-blue,Purple
2323,Stadium,Darkgreen,Yellow,Green
2324,Ancient,Darkgreen,Yellow,Blue
2325,Street,Pink,White-purple,Black
2326,Ancient,Darkgreen,White,Red
2327,Goldenhour,Pink,White-pink,Blue
2328,Changingroom,Darkblue,Gold,Green
2329,Changingroom,Green,White,Red
2330,Stadium,Blue,Red,White
2331,Goldenhour,Darkgreen,Red,Red
2332,Goldenhour,Pink,White-pink,Black
2333,Stadium,Pink,Green,White
2334,Stadium,Green,Pink,Blue
2335,Changingroom,Darkblue,Diamond,Green
2336,Tunnel,Green,Green,White
2337,Tunnel,Darkblue,White,Blue
2338,Changingroom,Darkgreen,Red,Purple
2339,Stadium,Blue2,White-purple,Green
2340,Stadium,Purple,White-purple,Black
2341,Street,Blue,Purple,Red
2342,Stadium,Pink,Gold,Green
2343,Stadium,Darkblue,Diamond,Red
2344,Street,Gold,White,Purple
2345,Changingroom,Green,White-red,Red
2346,Ancient,Blue,White-purple,Blue
2347,Stadium,Pink,Blue,Red
2348,Tunnel,Green,Purple,Red
2349,Changingroom,Darkblue,White-blue,Black
2350,Goldenhour,Purple,White,Green
2351,Tunnel,Gold,White-pink,Purple
2352,Changingroom,Darkblue,White,Green
2353,Stadium,Green,White-pink,Black
2354,Stadium,Blue2,Diamond,Red
2355,Changingroom,Pink,White-purple,Black
2356,Stadium,Red,Pink,Purple
2357,Tunnel,Pink,White,Green
2358,Stadium,Darkblue,Pink,Blue
2359,Changingroom,Darkgreen,Red,White
2360,Stadium,Blue2,Yellow,Purple
2361,Changingroom,Blue,White-red,Black
2362,Stadium,Blue2,Green,Diamond
2363,Ancient,Pink,Purple,Red
2364,Street,Red,White-pink,Green
2365,Changingroom,Blue2,Yellow,Blue
2366,Tunnel,Red,Purple,Red
2367,Goldenhour,Purple,Pink,Green
2368,Tunnel,Blue,White-purple,Blue
2369,Changingroom,Purple,Blue,Blue
2370,Tunnel,Darkgreen,Red,Green
2371,Changingroom,Blue,Purple,Blue
2372,Ancient,Purple,Yellow,Blue
2373,Street,Pink,Yellow,Purple
2374,Tunnel,Purple,Purple,Green
2375,Goldenhour,Darkblue,Pink,Purple
2376,Tunnel,Pink,Diamond,Green
2377,Tunnel,Blue2,Red,Black
2378,Ancient,Darkblue,White-blue,Diamond
2379,Tunnel,Gold,White,Purple
2380,Stadium,Purple,Gold,Blue
2381,Street,Blue2,Pink,Green
2382,Street,Green,White,White
2383,Tunnel,Darkblue,White-purple,Purple
2384,Stadium,Blue2,Yellow,Green
2385,Street,Blue,White-pink,Diamond
2386,Ancient,Purple,White-purple,Black
2387,Stadium,Gold,White,Green
2388,Tunnel,Green,Purple,Green
2389,Street,Red,Purple,Blue
2390,Goldenhour,Blue2,White-blue,Blue
2391,Goldenhour,Green,Pink,Red
2392,Stadium,Green,Diamond,Black
2393,Goldenhour,Blue,Yellow,Black
2394,Goldenhour,Pink,White-red,Diamond
2395,Stadium,Gold,White-red,Red
2396,Changingroom,Red,White-pink,White
2397,Goldenhour,Darkgreen,White-red,Purple
2398,Street,Blue2,Red,Green
2399,Ancient,Pink,Blue,Purple
2400,Street,Gold,Green,White
2401,Street,Darkblue,White-blue,Gold
2402,Stadium,Green,Blue,Red
2403,Goldenhour,Darkgreen,White-blue,Green
2404,Ancient,Blue2,White-red,White
2405,Stadium,Blue,White-pink,Blue
2406,Goldenhour,Gold,Pink,Purple
2407,Tunnel,Green,Yellow,White
2408,Goldenhour,Red,Pink,Green
2409,Tunnel,Pink,Pink,Blue
2410,Ancient,Green,White-red,Green
2411,Ancient,Darkgreen,Purple,Black
2412,Ancient,Blue,Pink,White
2413,Stadium,Red,White-pink,Purple
2414,Ancient,Blue,White-blue,Green
2415,Goldenhour,Darkblue,Green,Green
2416,Tunnel,Gold,Blue,Red
2417,Tunnel,Green,White-red,White
2418,Tunnel,Blue2,Green,White
2419,Goldenhour,Purple,Purple,Black
2420,Stadium,Darkgreen,Blue,Black
2421,Ancient,Gold,Green,Red
2422,Changingroom,Pink,Green,Black
2423,Goldenhour,Darkgreen,Red,Blue
2424,Street,Purple,White-red,Black
2425,Goldenhour,Red,White-blue,Blue
2426,Street,Darkblue,White-purple,Black
2427,Ancient,Blue,White-pink,Black
2428,Tunnel,Gold,White-red,White
2429,Stadium,Green,Gold,Purple
2430,Tunnel,Darkgreen,White-red,Blue
2431,Changingroom,Green,White-pink,Purple
2432,Street,Red,Diamond,Green
2433,Changingroom,Blue2,Diamond,Black
2434,Tunnel,Green,Gold,Blue
2435,Street,Red,Blue,Diamond
2436,Street,Pink,Red,Gold
2437,Street,Darkblue,Pink,Red
2438,Goldenhour,Purple,White-red,Gold
2439,Tunnel,Blue,Purple,Blue
2440,Tunnel,Purple,Blue,Blue
2441,Stadium,Red,Purple,Blue
2442,Changingroom,Darkblue,White,Blue
2443,Stadium,Gold,White-blue,Diamond
2444,Changingroom,Darkgreen,White-blue,White
2445,Goldenhour,Darkgreen,White,Gold
2446,Tunnel,Pink,White-purple,Red
2447,Stadium,Darkblue,White-red,Blue
2448,Changingroom,Pink,White,Green
2449,Street,Blue,Gold,Black
2450,Goldenhour,Blue,Green,White
2451,Goldenhour,Green,Green,White
2452,Street,Purple,White-purple,Black
2453,Street,Green,Red,Purple
2454,Changingroom,Gold,White-blue,White
2455,Changingroom,Pink,Pink,Black
2456,Street,Darkgreen,Blue,Black
2457,Ancient,Darkblue,Gold,White
2458,Changingroom,Darkblue,Purple,Green
2459,Street,Darkblue,Green,Red
2460,Stadium,Pink,Green,Black
2461,Changingroom,Darkgreen,Red,Green
2462,Ancient,Blue2,Green,White
2463,Tunnel,Pink,White-blue,Gold
2464,Changingroom,Green,Pink,Purple
2465,Ancient,Purple,Blue,White
2466,Ancient,Red,White-red,Green
2467,Changingroom,Green,Red,Black
2468,Goldenhour,Green,Red,Red
2469,Changingroom,Darkblue,White,Diamond
2470,Ancient,Darkblue,White-purple,White
2471,Street,Green,Red,Red
2472,Goldenhour,Blue,Blue,Blue
2473,Street,Darkgreen,Red,Green
2474,Stadium,Pink,Green,Purple
2475,Stadium,Darkgreen,Yellow,Red
2476,Ancient,Purple,Gold,Blue
2477,Street,Pink,Purple,Blue
2478,Street,Darkgreen,White,Diamond
2479,Changingroom,Green,White-purple,Blue
2480,Tunnel,Darkgreen,White-purple,Red
2481,Street,Darkblue,Pink,Black
2482,Ancient,Gold,Yellow,Blue
2483,Tunnel,Blue,White,Blue
2484,Changingroom,Gold,Pink,Gold
2485,Street,Red,White,Blue
2486,Tunnel,Blue,White-blue,Blue
2487,Street,Red,Blue,Gold
2488,Street,Purple,Purple,Gold
2489,Ancient,Green,White-pink,Red
2490,Stadium,Blue2,Pink,Blue
2491,Ancient,Darkgreen,Red,Blue
2492,Goldenhour,Blue,Pink,Diamond
2493,Street,Gold,Pink,Purple
2494,Stadium,Gold,Green,Purple
2495,Stadium,Darkblue,Yellow,Green
2496,Goldenhour,Red,Blue,White
2497,Changingroom,Pink,Gold,Green
2498,Ancient,Pink,White-red,Diamond
2499,Goldenhour,Pink,White,Black
2500,Goldenhour,Darkblue,White-red,Red
2501,Stadium,Blue2,White,Blue
2502,Street,Darkblue,Red,White
2503,Goldenhour,Gold,Diamond,Black
2504,Stadium,Darkgreen,Red,Red
2505,Changingroom,Gold,White-blue,Blue
2506,Street,Green,Pink,Blue
2507,Street,Darkblue,White-red,Green
2508,Ancient,Gold,White-blue,Red
2509,Changingroom,Blue,White-purple,Purple
2510,Stadium,Pink,Pink,Red
2511,Tunnel,Red,Purple,Blue
2512,Tunnel,Blue2,Purple,Black
2513,Street,Darkblue,Gold,Purple
2514,Street,Green,White-red,Red
2515,Ancient,Pink,White-purple,Green
2516,Changingroom,Green,Green,Gold
2517,Ancient,Darkblue,Blue,Red
2518,Tunnel,Darkblue,White-pink,Green
2519,Street,Blue2,White-red,Blue
2520,Street,Darkgreen,Yellow,White
2521,Street,Blue2,White-purple,White
2522,Tunnel,Pink,Red,Red
2523,Stadium,Blue,White,Purple
2524,Changingroom,Darkgreen,Pink,Blue
2525,Street,Darkblue,Blue,Red
2526,Goldenhour,Red,Pink,Diamond
2527,Changingroom,Purple,Red,Purple
2528,Tunnel,Pink,Red,Blue
2529,Goldenhour,Green,Purple,Red
2530,Tunnel,Darkgreen,White-purple,Green
2531,Changingroom,Darkgreen,Green,Diamond
2532,Stadium,Blue2,Yellow,Red
2533,Stadium,Gold,Yellow,Green
2534,Street,Darkblue,White-purple,Gold
2535,Goldenhour,Darkblue,Diamond,White
2536,Goldenhour,Darkblue,Red,Green
2537,Tunnel,Red,Diamond,Purple
2538,Street,Green,White-blue,Green
2539,Changingroom,Blue2,White,Green
2540,Goldenhour,Darkgreen,White-purple,Black
2541,Stadium,Red,Pink,White
2542,Goldenhour,Gold,Red,Black
2543,Ancient,Red,White-blue,Red
2544,Tunnel,Darkgreen,Yellow,Purple
2545,Ancient,Green,Red,Blue
2546,Tunnel,Blue2,Red,Red
2547,Tunnel,Red,Red,Green
2548,Changingroom,Darkblue,Purple,Blue
2549,Street,Blue2,Blue,Blue
2550,Stadium,Purple,White-pink,Diamond
2551,Street,Purple,White,Purple
2552,Stadium,Blue,White-blue,Green
2553,Stadium,Green,White-blue,White
2554,Changingroom,Red,White-blue,Red
2555,Stadium,Blue,White-blue,White
2556,Ancient,Darkblue,White-purple,Purple
2557,Ancient,Pink,Purple,Purple
2558,Stadium,Green,Green,Green
2559,Goldenhour,Purple,White-pink,Red
2560,Ancient,Green,Yellow,Blue
2561,Stadium,Darkblue,Pink,White
2562,Goldenhour,Pink,Red,Purple
2563,Goldenhour,Pink,Red,Black
2564,Street,Blue2,Green,Black
2565,Goldenhour,Blue,Pink,Red
2566,Changingroom,Blue2,Gold,Red
2567,Changingroom,Purple,Diamond,Black
2568,Goldenhour,Red,Yellow,Green
2569,Tunnel,Red,White-red,White
2570,Tunnel,Pink,Purple,Red
2571,Goldenhour,Red,Gold,Black
2572,Street,Red,Pink,Red
2573,Changingroom,Purple,White-blue,Diamond
2574,Street,Purple,Gold,Red
2575,Tunnel,Pink,White-pink,Green
2576,Changingroom,Red,White-blue,Purple
2577,Tunnel,Darkblue,White-pink,Purple
2578,Tunnel,Blue2,Pink,Purple
2579,Ancient,Red,Red,Black
2580,Stadium,Pink,White-red,Red
2581,Goldenhour,Blue,Diamond,Green
2582,Tunnel,Purple,Red,Green
2583,Goldenhour,Blue2,White,White
2584,Street,Red,Purple,Red
2585,Stadium,Green,Blue,Green
2586,Street,Green,Red,Diamond
2587,Stadium,Blue2,Purple,Black
2588,Stadium,Blue,White-red,Green
2589,Goldenhour,Blue2,Blue,White
2590,Street,Purple,Diamond,Red
2591,Tunnel,Darkblue,White-pink,Gold
2592,Street,Blue2,Purple,Black
2593,Stadium,Darkgreen,Gold,Green
2594,Tunnel,Darkblue,White-purple,Diamond
2595,Ancient,Blue2,Diamond,Red
2596,Street,Red,White,Green
2597,Street,Pink,Red,Black
2598,Stadium,Darkblue,White-red,White
2599,Street,Red,Diamond,Red
2600,Changingroom,Gold,White-pink,Purple
2601,Goldenhour,Darkgreen,Pink,Purple
2602,Tunnel,Blue,White,Gold
2603,Street,Red,Green,Black
2604,Stadium,Purple,Gold,Red
2605,Goldenhour,Green,Diamond,Blue
2606,Ancient,Red,White-pink,Green
2607,Goldenhour,Red,Green,Black
2608,Stadium,Green,Diamond,White
2609,Changingroom,Red,Pink,White
2610,Street,Darkblue,White-purple,Diamond
2611,Street,Gold,White-blue,White
2612,Street,Darkblue,White,Blue
2613,Stadium,Blue,Purple,Diamond
2614,Tunnel,Darkblue,White-blue,Red
2615,Goldenhour,Green,Pink,Purple
2616,Changingroom,Blue,Yellow,Black
2617,Changingroom,Darkgreen,Green,Red
2618,Changingroom,Darkblue,White-pink,Black
2619,Stadium,Darkgreen,White-blue,Green
2620,Stadium,Purple,Yellow,Blue
2621,Changingroom,Darkgreen,White-blue,Blue
2622,Tunnel,Green,Pink,Diamond
2623,Stadium,Pink,White-purple,Red
2624,Goldenhour,Purple,Purple,Green
2625,Tunnel,Darkgreen,Green,Diamond
2626,Stadium,Red,Purple,Green
2627,Tunnel,Green,White-blue,Red
2628,Stadium,Purple,Purple,Diamond
2629,Goldenhour,Green,White-purple,Green
2630,Tunnel,Darkgreen,Green,Red
2631,Changingroom,Pink,White-red,White
2632,Changingroom,Blue,White-red,Gold
2633,Street,Gold,Yellow,Purple
2634,Tunnel,Green,Yellow,Diamond
2635,Goldenhour,Purple,Yellow,White
2636,Changingroom,Green,White,White
2637,Tunnel,Blue,Red,Red
2638,Changingroom,Green,Green,Blue
2639,Ancient,Darkblue,Yellow,Purple
2640,Tunnel,Darkgreen,White,Gold
2641,Street,Darkgreen,Blue,Green
2642,Changingroom,Darkblue,White-red,Blue
2643,Ancient,Darkblue,Diamond,Red
2644,Street,Purple,Gold,Blue
2645,Stadium,Darkblue,Diamond,White
2646,Changingroom,Blue2,Purple,Diamond
2647,Stadium,Purple,Diamond,Black
2648,Tunnel,Green,Purple,Purple
2649,Stadium,Red,White-blue,White
2650,Tunnel,Gold,Purple,Blue
2651,Tunnel,Blue,White-purple,Green
2652,Stadium,Darkblue,Red,Purple
2653,Street,Green,Pink,Gold
2654,Ancient,Pink,White-red,Black
2655,Changingroom,Gold,Diamond,Purple
2656,Changingroom,Green,Red,Purple
2657,Ancient,Green,Yellow,White
2658,Goldenhour,Blue,Diamond,Black
2659,Changingroom,Darkblue,White-red,Red
2660,Changingroom,Darkblue,Green,Diamond
2661,Goldenhour,Purple,Red,Gold
2662,Goldenhour,Pink,Diamond,Diamond
2663,Stadium,Pink,White,Blue
2664,Stadium,Darkgreen,Red,Gold
2665,Street,Red,White-red,Purple
2666,Stadium,Red,Yellow,Blue
2667,Stadium,Blue,Diamond,Green
2668,Stadium,Green,White-pink,Red
2669,Stadium,Blue,Gold,Purple
2670,Changingroom,Pink,White,Purple
2671,Changingroom,Gold,Red,Red
2672,Tunnel,Pink,Green,Blue
2673,Street,Blue,Gold,Purple
2674,Tunnel,Blue,White,Red
2675,Goldenhour,Blue2,White-red,Purple
2676,Stadium,Blue2,Blue,Black
2677,Goldenhour,Blue2,White-red,Red
2678,Street,Blue,White-blue,Blue
2679,Goldenhour,Red,Green,Blue
2680,Goldenhour,Green,Red,Gold
2681,Ancient,Darkblue,Purple,White
2682,Changingroom,Red,Purple,Gold
2683,Tunnel,Gold,Blue,Green
2684,Tunnel,Blue,Red,Blue
2685,Tunnel,Darkgreen,White-pink,Purple
2686,Changingroom,Darkblue,White-pink,Gold
2687,Tunnel,Green,White-blue,Green
2688,Stadium,Gold,White,Purple
2689,Ancient,Blue,Red,Diamond
2690,Changingroom,Purple,White-purple,Diamond
2691,Changingroom,Darkgreen,White-red,Red
2692,Goldenhour,Green,Gold,Green
2693,Stadium,Red,White,Black
2694,Street,Blue2,White,Purple
2695,Ancient,Green,Blue,Red
2696,Stadium,Green,Yellow,Red
2697,Changingroom,Gold,White-pink,Red
2698,Ancient,Darkgreen,Gold,Green
2699,Tunnel,Blue,White-red,Green
2700,Tunnel,Blue,White-pink,Black
2701,Stadium,Purple,White-blue,Blue
2702,Goldenhour,Gold,White-blue,Red
2703,Goldenhour,Purple,Red,Green
2704,Stadium,Darkblue,Green,White
2705,Tunnel,Purple,Gold,Blue
2706,Goldenhour,Pink,Pink,Red
2707,Street,Red,Blue,Green
2708,Ancient,Darkblue,Diamond,Black
2709,Goldenhour,Pink,Green,White
2710,Goldenhour,Darkblue,Gold,Diamond
2711,Tunnel,Purple,Red,Purple
2712,Changingroom,Green,Red,Diamond
2713,Changingroom,Darkblue,Yellow,Purple
2714,Goldenhour,Purple,Green,Green
2715,Changingroom,Blue2,Green,Diamond
2716,Ancient,Red,Gold,Black
2717,Tunnel,Purple,White-red,Purple
2718,Goldenhour,Pink,Gold,Black
2719,Stadium,Darkgreen,White-blue,Black
2720,Stadium,Green,Green,Blue
2721,Goldenhour,Pink,Purple,Gold
2722,Changingroom,Blue,Green,White
2723,Street,Gold,White-purple,White
2724,Goldenhour,Darkgreen,White-pink,Black
2725,Tunnel,Green,White,Gold
2726,Changingroom,Blue2,White-blue,White
2727,Goldenhour,Pink,Diamond,Black
2728,Changingroom,Blue,Gold,Blue
2729,Goldenhour,Pink,White,Blue
2730,Stadium,Blue2,White-blue,White
2731,Tunnel,Green,Red,Green
2732,Street,Pink,Gold,Purple
2733,Tunnel,Darkblue,White-red,White
2734,Tunnel,Green,Red,Gold
2735,Street,Darkblue,Purple,Purple
2736,Tunnel,Darkgreen,White-pink,Green
2737,Street,Darkgreen,Red,Blue
2738,Street,Blue2,Green,Gold
2739,Changingroom,Red,White-blue,Black
2740,Ancient,Gold,Blue,Purple
2741,Street,Green,Yellow,Red
2742,Goldenhour,Red,Red,Green
2743,Ancient,Darkgreen,White-red,Green
2744,Changingroom,Purple,Blue,Red
2745,Changingroom,Gold,White-purple,Black
2746,Street,Blue2,White-red,Purple
2747,Goldenhour,Red,White-blue,Diamond
2748,Goldenhour,Pink,Pink,Green
2749,Goldenhour,Purple,Red,Purple
2750,Stadium,Pink,White-pink,Blue
2751,Changingroom,Darkblue,Blue,Green
2752,Stadium,Darkgreen,Green,White
2753,Tunnel,Purple,White-red,Blue
2754,Changingroom,Gold,White-blue,Green
2755,Stadium,Darkblue,White-blue,Black
2756,Goldenhour,Red,White-red,Blue
2757,Goldenhour,Darkblue,White-blue,Green
2758,Changingroom,Darkgreen,Pink,Purple
2759,Tunnel,Pink,Blue,Red
2760,Street,Blue,Pink,White
2761,Changingroom,Red,Gold,Purple
2762,Ancient,Darkblue,Pink,Black
2763,Goldenhour,Green,White-blue,Gold
2764,Stadium,Darkgreen,White-red,Black
2765,Stadium,Blue,Diamond,Black
2766,Tunnel,Green,White-purple,Gold
2767,Street,Green,Blue,Black
2768,Changingroom,Purple,Pink,Purple
2769,Stadium,Purple,White-purple,Purple
2770,Goldenhour,Purple,White-purple,Gold
2771,Tunnel,Purple,Diamond,Blue
2772,Ancient,Darkblue,White-pink,Black
2773,Street,Gold,Red,Black
2774,Changingroom,Blue,Pink,Green
2775,Street,Red,White-pink,Red
2776,Street,Blue,White-blue,Green
2777,Tunnel,Green,Blue,Red
2778,Tunnel,Purple,Green,White
2779,Goldenhour,Blue,Purple,Diamond
2780,Changingroom,Green,Yellow,Purple
2781,Tunnel,Blue2,Purple,Red
2782,Street,Red,Green,Red
2783,Changingroom,Pink,White-blue,Purple
2784,Street,Gold,Blue,Red
2785,Street,Gold,White-pink,Purple
2786,Street,Green,Blue,Red
2787,Goldenhour,Darkblue,Diamond,Red
2788,Stadium,Darkgreen,White-purple,Gold
2789,Street,Green,White-pink,Red
2790,Stadium,Darkblue,Blue,Purple
2791,Stadium,Green,Red,Gold
2792,Goldenhour,Darkblue,White-purple,Blue
2793,Changingroom,Gold,White-red,Red
2794,Changingroom,Pink,White-pink,Red
2795,Changingroom,Green,Yellow,Black
2796,Changingroom,Darkblue,Blue,Purple
2797,Ancient,Blue,White-purple,Black
2798,Changingroom,Darkgreen,White-red,Black
2799,Stadium,Blue2,White-blue,Blue
2800,Stadium,Gold,White-pink,Purple
2801,Goldenhour,Blue,Blue,Purple
2802,Tunnel,Darkgreen,Green,Blue
2803,Stadium,Blue2,Yellow,White
2804,Goldenhour,Blue,Green,Green
2805,Changingroom,Blue,White-purple,Red
2806,Changingroom,Pink,Purple,White
2807,Stadium,Darkblue,White-purple,Gold
2808,Changingroom,Darkblue,Green,Blue
2809,Goldenhour,Purple,White-pink,Purple
2810,Tunnel,Gold,White-blue,Red
2811,Goldenhour,Green,Blue,Black
2812,Street,Green,Pink,Purple
2813,Tunnel,Green,Green,Purple
2814,Changingroom,Purple,Red,Black
2815,Changingroom,Blue,White,Black
2816,Goldenhour,Pink,White-red,Blue
2817,Changingroom,Blue,Gold,Purple
2818,Stadium,Blue,Red,Purple
2819,Tunnel,Blue,Purple,Green
2820,Tunnel,Red,Diamond,Green
2821,Changingroom,Gold,Green,Black
2822,Goldenhour,Blue,Red,Green
2823,Street,Red,Gold,Red
2824,Goldenhour,Green,Yellow,Black
2825,Changingroom,Purple,White,White
2826,Ancient,Blue,White,Blue
2827,Goldenhour,Blue,Pink,Purple
2828,Changingroom,Pink,Blue,White
2829,Goldenhour,Pink,White-purple,Black
2830,Ancient,Red,White-blue,Green
2831,Tunnel,Darkgreen,Blue,Black
2832,Tunnel,Green,White-purple,Purple
2833,Street,Blue2,White-blue,Green
2834,Changingroom,Darkblue,White,Black
2835,Ancient,Blue2,Blue,Red
2836,Street,Green,White-red,Gold
2837,Goldenhour,Darkblue,White,Red
2838,Street,Red,Pink,Diamond
2839,Street,Pink,White-pink,Green
2840,Goldenhour,Blue,Red,Black
2841,Changingroom,Gold,Purple,Purple
2842,Street,Gold,Green,Green
2843,Changingroom,Red,White-red,Red
2844,Changingroom,Blue2,Gold,Blue
2845,Stadium,Pink,White-blue,Black
2846,Street,Darkgreen,White-red,Gold
2847,Changingroom,Darkgreen,White,Red
2848,Stadium,Purple,White-blue,Gold
2849,Stadium,Red,White-purple,Purple
2850,Stadium,Pink,Green,Green
2851,Street,Pink,Purple,Purple
2852,Goldenhour,Darkblue,Yellow,Green
2853,Street,Darkgreen,Red,Diamond
2854,Changingroom,Green,Gold,Black
2855,Street,Red,Red,White
2856,Street,Purple,Green,Green
2857,Changingroom,Darkgreen,Red,Red
2858,Stadium,Blue2,Diamond,White
2859,Street,Purple,Red,Diamond
2860,Goldenhour,Red,Yellow,Red
2861,Ancient,Red,White,Black
2862,Street,Darkblue,Green,Black
2863,Street,Purple,Purple,Purple
2864,Stadium,Red,Green,White
2865,Street,Blue2,Green,Red
2866,Changingroom,Pink,Pink,White
2867,Stadium,Blue,Red,Blue
2868,Changingroom,Gold,Gold,Purple
2869,Goldenhour,Purple,White,White
2870,Tunnel,Green,Pink,White
2871,Ancient,Purple,White-pink,White
2872,Ancient,Darkgreen,Purple,Blue
2873,Stadium,Darkblue,Purple,Red
2874,Street,Blue2,Pink,Black
2875,Stadium,Blue,Pink,White
2876,Tunnel,Darkgreen,White-pink,Diamond
2877,Changingroom,Darkgreen,White-red,Blue
2878,Stadium,Red,Gold,Blue
2879,Stadium,Purple,White-red,Red
2880,Ancient,Red,White-purple,Purple
2881,Stadium,Blue,White-purple,Diamond
2882,Ancient,Darkgreen,Green,Purple
2883,Tunnel,Blue2,White-blue,Blue
2884,Street,Blue,Red,Purple
2885,Street,Purple,Blue,Purple
2886,Stadium,Blue2,Pink,Purple
2887,Changingroom,Darkblue,Green,Red
2888,Tunnel,Blue,White-blue,Purple
2889,Changingroom,Gold,Blue,Black
2890,Goldenhour,Darkblue,White-blue,Purple
2891,Stadium,Blue2,White-red,Red
2892,Ancient,Purple,Purple,White
2893,Tunnel,Red,Gold,Black
2894,Stadium,Green,White-purple,Blue
2895,Goldenhour,Red,White-pink,Green
2896,Tunnel,Darkgreen,Purple,Black
2897,Changingroom,Blue2,Pink,Purple
2898,Stadium,Gold,White-red,Gold
2899,Tunnel,Purple,Red,Red
2900,Changingroom,Blue,Blue,White
2901,Stadium,Blue2,White-pink,Green
2902,Changingroom,Darkgreen,Blue,White
2903,Tunnel,Pink,Yellow,Diamond
2904,Ancient,Green,Pink,Purple
2905,Changingroom,Green,Yellow,Green
2906,Street,Darkgreen,White-pink,Red
2907,Tunnel,Red,White-blue,Blue
2908,Tunnel,Blue2,Red,White
2909,Changingroom,Purple,White-red,Blue
2910,Changingroom,Red,Green,Black
2911,Street,Darkblue,White-blue,White
2912,Ancient,Darkblue,White-blue,Blue
2913,Ancient,Pink,White-pink,Blue
2914,Street,Green,Blue,Blue
2915,Changingroom,Gold,White-red,Green
2916,Tunnel,Purple,Yellow,Green
2917,Stadium,Darkblue,White-purple,Diamond
2918,Stadium,Red,White,Red
2919,Street,Gold,White-blue,Purple
2920,Stadium,Gold,Red,Blue
2921,Goldenhour,Blue2,White-red,Green
2922,Tunnel,Darkblue,Blue,Gold
2923,Goldenhour,Purple,White-blue,Black
2924,Stadium,Green,Pink,Black
2925,Changingroom,Green,Green,Purple
2926,Tunnel,Darkgreen,Yellow,Diamond
2927,Street,Darkblue,White,Red
2928,Changingroom,Gold,White-blue,Black
2929,Goldenhour,Blue,White,Blue
2930,Stadium,Darkgreen,White-red,Blue
2931,Street,Gold,Green,Blue
2932,Tunnel,Green,Yellow,Green
2933,Changingroom,Gold,White-red,Purple
2934,Changingroom,Pink,Red,Black
2935,Stadium,Purple,White-purple,Blue
2936,Tunnel,Blue,Blue,Red
2937,Stadium,Darkblue,White-blue,Blue
2938,Street,Blue,Purple,Gold
2939,Stadium,Pink,White-purple,White
2940,Ancient,Green,Yellow,Purple
2941,Street,Green,Pink,Black
2942,Street,Darkgreen,Green,Green
2943,Tunnel,Gold,Purple,Green
2944,Goldenhour,Purple,Purple,Red
2945,Street,Blue2,Yellow,Green
2946,Goldenhour,Blue,Yellow,Diamond
2947,Goldenhour,Darkblue,White-blue,Blue
2948,Goldenhour,Darkblue,Pink,Red
2949,Goldenhour,Green,White,Gold
2950,Tunnel,Green,White,Green
2951,Tunnel,Purple,Blue,White
2952,Ancient,Darkblue,Gold,Black
2953,Goldenhour,Green,White-purple,Diamond
2954,Stadium,Darkblue,White-red,Green
2955,Street,Gold,Yellow,Green
2956,Changingroom,Gold,Green,Green
2957,Street,Darkgreen,White-blue,Red
2958,Goldenhour,Darkblue,Gold,Black
2959,Changingroom,Darkblue,Purple,Purple
2960,Ancient,Darkblue,Purple,Purple
2961,Ancient,Green,White,Blue
2962,Ancient,Red,Purple,Red
2963,Stadium,Pink,Yellow,Green
2964,Goldenhour,Darkgreen,White-pink,Gold
2965,Tunnel,Purple,Purple,Black
2966,Changingroom,Blue,Green,Purple
2967,Street,Blue2,White,Blue
2968,Street,Purple,White-pink,Diamond
2969,Goldenhour,Pink,Green,Red
2970,Street,Gold,Purple,White
2971,Changingroom,Green,Pink,White
2972,Goldenhour,Blue,White-blue,Red
2973,Ancient,Green,Blue,Blue
2974,Changingroom,Darkblue,Pink,White
2975,Ancient,Blue,White-red,Green
2976,Ancient,Gold,Red,Green
2977,Stadium,Blue,White-red,Gold
2978,Changingroom,Red,Gold,Red
2979,Tunnel,Green,Pink,Blue
2980,Stadium,Darkgreen,Purple,Blue
2981,Changingroom,Blue2,Pink,Diamond
2982,Goldenhour,Darkblue,Blue,Diamond
2983,Tunnel,Blue2,Blue,Diamond
2984,Tunnel,Gold,White-purple,Purple
2985,Street,Purple,White-red,White
2986,Ancient,Blue2,White-purple,Purple
2987,Changingroom,Gold,White,Red
2988,Goldenhour,Blue2,White-purple,Gold
2989,Changingroom,Gold,Pink,Purple
2990,Tunnel,Purple,White-blue,Black
2991,Tunnel,Darkgreen,White,Purple
2992,Goldenhour,Gold,Red,White
2993,Street,Red,Gold,Purple
2994,Ancient,Red,Pink,Green
2995,Tunnel,Blue,Gold,Black
2996,Changingroom,Blue,White-pink,Black
2997,Changingroom,Pink,White-pink,Green
2998,Street,Purple,Gold,Gold
2999,Ancient,Green,Red,Green
3000,Changingroom,Blue,White,Green
3001,Changingroom,Purple,Green,Red
3002,Stadium,Pink,White-pink,Green
3003,Changingroom,Gold,Purple,Black
3004,Changingroom,Purple,Green,White
3005,Stadium,Pink,Red,Blue
3006,Street,Green,Green,Red
3007,Changingroom,Darkblue,Purple,Red
3008,Tunnel,Red,Blue,Red
3009,Tunnel,Gold,Gold,Blue
3010,Tunnel,Red,Green,Blue
3011,Ancient,Green,Green,Purple
3012,Street,Blue2,Purple,White
3013,Goldenhour,Darkblue,Red,Black
3014,Tunnel,Pink,White-blue,White
3015,Tunnel,Red,Red,White
3016,Street,Darkblue,White-purple,White
3017,Stadium,Darkblue,Diamond,Black
3018,Street,Gold,Gold,Red
3019,Changingroom,Blue2,Blue,Purple
3020,Street,Blue2,Yellow,Blue
3021,Stadium,Gold,White-red,Purple
3022,Ancient,Red,Diamond,Black
3023,Street,Darkgreen,Blue,Red
3024,Ancient,Pink,Gold,Green
3025,Tunnel,Blue2,Gold,Blue
3026,Street,Purple,White-purple,Blue
3027,Tunnel,Green,Red,Blue
3028,Goldenhour,Darkgreen,White-pink,Purple
3029,Ancient,Darkblue,White-red,Purple
3030,Street,Darkgreen,Yellow,Purple
3031,Stadium,Purple,Diamond,Blue
3032,Street,Darkblue,White-blue,Red
3033,Changingroom,Purple,Gold,Red
3034,Ancient,Pink,White-purple,Purple
3035,Tunnel,Gold,White-purple,White
3036,Goldenhour,Darkgreen,White,Blue
3037,Changingroom,Green,White-purple,Red
3038,Street,Purple,Yellow,White
3039,Ancient,Pink,Green,Blue
3040,Stadium,Gold,Red,White
3041,Stadium,Gold,White-pink,Black
3042,Tunnel,Blue2,White-purple,Diamond
3043,Ancient,Purple,White-purple,Red
3044,Tunnel,Red,White,Diamond
3045,Ancient,Pink,Purple,Blue
3046,Street,Red,Yellow,Blue
3047,Goldenhour,Darkblue,Gold,White
3048,Goldenhour,Green,Red,Diamond
3049,Goldenhour,Green,White-red,Green
3050,Goldenhour,Gold,White-purple,Blue
3051,Changingroom,Darkgreen,Purple,Diamond
3052,Street,Darkblue,Diamond,White
3053,Stadium,Red,Red,Blue
3054,Street,Pink,Red,Purple
3055,Ancient,Pink,Red,Purple
3056,Changingroom,Gold,White-pink,White
3057,Ancient,Red,Green,Diamond
3058,Street,Red,Red,Blue
3059,Street,Red,Blue,Red
3060,Tunnel,Green,White-purple,Red
3061,Goldenhour,Purple,White,Diamond
3062,Goldenhour,Darkgreen,Diamond,Gold
3063,Goldenhour,Gold,Green,Blue
3064,Goldenhour,Blue2,Diamond,White
3065,Changingroom,Purple,White-blue,Gold
3066,Changingroom,Pink,White-blue,Black
3067,Stadium,Darkgreen,Blue,White
3068,Tunnel,Green,White-red,Diamond
3069,Changingroom,Blue,White-pink,White
3070,Tunnel,Purple,White-purple,Green
3071,Goldenhour,Purple,White-red,White
3072,Tunnel,Gold,White-pink,Red
3073,Stadium,Gold,White-red,White
3074,Changingroom,Blue,Diamond,White
3075,Tunnel,Red,White-purple,Blue
3076,Tunnel,Darkgreen,Red,Diamond
3077,Tunnel,Green,Yellow,Black
3078,Street,Green,White-red,Purple
3079,Stadium,Green,White,Purple
3080,Tunnel,Red,White-purple,Red
3081,Tunnel,Darkblue,Diamond,Black
3082,Tunnel,Blue,White-purple,Gold
3083,Stadium,Blue2,White-red,Black
3084,Goldenhour,Blue2,Blue,Blue
3085,Ancient,Darkgreen,Blue,Black
3086,Tunnel,Blue,White-red,Diamond
3087,Goldenhour,Blue2,White-pink,Green
3088,Ancient,Purple,Pink,Green
3089,Goldenhour,Red,White-blue,White
3090,Street,Purple,Green,Blue
3091,Goldenhour,Purple,White-red,Purple
3092,Goldenhour,Darkgreen,White-blue,Red
3093,Ancient,Blue,White-blue,White
3094,Goldenhour,Green,Purple,Black
3095,Stadium,Blue2,White-red,Diamond
3096,Tunnel,Pink,Green,White
3097,Ancient,Blue,White-pink,Red
3098,Tunnel,Blue2,Yellow,Black
3099,Goldenhour,Pink,Gold,White
3100,Ancient,Purple,Yellow,White
3101,Street,Darkblue,Gold,Red
3102,Ancient,Gold,White-pink,Purple
3103,Changingroom,Darkblue,Pink,Red
3104,Street,Purple,White-blue,Red
3105,Goldenhour,Purple,Red,Red
3106,Changingroom,Darkblue,White-blue,Purple
3107,Street,Pink,Yellow,Gold
3108,Stadium,Pink,White-red,Green
3109,Street,Blue,White-pink,White
3110,Ancient,Green,White-red,Diamond
3111,Street,Purple,White,Red
3112,Street,Purple,Yellow,Purple
3113,Goldenhour,Red,Blue,Black
3114,Street,Blue,Blue,Diamond
3115,Ancient,Darkgreen,Pink,Gold
3116,Goldenhour,Darkblue,Yellow,Blue
3117,Tunnel,Gold,White-purple,Blue
3118,Tunnel,Blue,Pink,Red
3119,Ancient,Green,Gold,Black
3120,Street,Green,Yellow,White
3121,Changingroom,Blue,Red,Green
3122,Street,Pink,White-pink,Black
3123,Street,Blue,White-purple,Black
3124,Tunnel,Green,White-red,Green
3125,Stadium,Gold,Green,Green
3126,Goldenhour,Darkblue,Purple,Green
3127,Changingroom,Blue2,Green,Blue
3128,Tunnel,Red,Green,White
3129,Tunnel,Green,Blue,White
3130,Tunnel,Pink,Yellow,Blue
3131,Goldenhour,Green,Green,Diamond
3132,Changingroom,Red,White-pink,Red
3133,Tunnel,Green,Blue,Black
3134,Stadium,Pink,Diamond,Green
3135,Street,Gold,White-red,Red
3136,Ancient,Gold,White-red,Green
3137,Street,Purple,Yellow,Blue
3138,Goldenhour,Gold,White-red,Black
3139,Changingroom,Green,Blue,Purple
3140,Ancient,Blue,White-purple,Green
3141,Changingroom,Blue2,Pink,Green
3142,Stadium,Green,White-red,Purple
3143,Tunnel,Green,Gold,Gold
3144,Goldenhour,Blue2,White-red,Blue
3145,Tunnel,Red,Diamond,Blue
3146,Tunnel,Darkgreen,Purple,White
3147,Tunnel,Gold,Red,Diamond
3148,Stadium,Pink,White-red,Blue
3149,Stadium,Gold,Gold,Red
3150,Street,Green,White-purple,Black
3151,Stadium,Pink,White-purple,Diamond
3152,Goldenhour,Green,White-red,Blue
3153,Goldenhour,Pink,White,Purple
3154,Tunnel,Gold,Diamond,Green
3155,Tunnel,Red,Diamond,Black
3156,Tunnel,Darkgreen,Blue,White
3157,Changingroom,Darkblue,Diamond,Diamond
3158,Ancient,Pink,Yellow,Red
3159,Changingroom,Purple,Red,Red
3160,Ancient,Green,White-pink,White
3161,Tunnel,Pink,Blue,White
3162,Stadium,Darkblue,Blue,Red
3163,Stadium,Red,White,White
3164,Street,Darkgreen,White-blue,White
3165,Ancient,Red,White-pink,Black
3166,Stadium,Red,White,Gold
3167,Stadium,Darkgreen,Pink,Purple
3168,Changingroom,Darkblue,Blue,Black
3169,Goldenhour,Red,White-pink,Red
3170,Ancient,Pink,White-pink,Purple
3171,Tunnel,Red,Blue,Gold
3172,Tunnel,Purple,Diamond,Black
3173,Changingroom,Pink,Green,Green
3174,Ancient,Red,Red,Gold
3175,Ancient,Blue2,White,White
3176,Goldenhour,Blue2,Pink,Gold
3177,Ancient,Green,Gold,Blue
3178,Stadium,Purple,White,Diamond
3179,Tunnel,Gold,White,White
3180,Goldenhour,Pink,White-red,Black
3181,Street,Red,White-blue,Blue
3182,Tunnel,Red,White-blue,Green
3183,Goldenhour,Green,White,Black
3184,Tunnel,Red,White,Purple
3185,Street,Purple,Pink,Red
3186,Changingroom,Green,Diamond,Blue
3187,Street,Purple,Yellow,Red
3188,Tunnel,Purple,Blue,Green
3189,Goldenhour,Pink,Blue,Green
3190,Ancient,Red,White-purple,Blue
3191,Ancient,Gold,Purple,Purple
3192,Stadium,Pink,Gold,Gold
3193,Changingroom,Darkgreen,Green,Gold
3194,Goldenhour,Blue2,White,Green
3195,Stadium,Red,Purple,Purple
3196,Stadium,Darkblue,White-pink,Black
3197,Goldenhour,Red,Green,Red
3198,Goldenhour,Red,Diamond,Red
3199,Street,Pink,White-purple,Gold
3200,Goldenhour,Pink,White-red,Red
3201,Ancient,Purple,Blue,Red
3202,Changingroom,Green,Red,White
3203,Changingroom,Blue,Green,Diamond
3204,Street,Darkgreen,White-red,Blue
3205,Street,Blue2,Yellow,Diamond
3206,Street,Darkgreen,Purple,Green
3207,Street,Darkgreen,Pink,Black
3208,Tunnel,Gold,Purple,Red
3209,Stadium,Blue2,White,Red
3210,Stadium,Purple,White-red,Purple
3211,Stadium,Green,Diamond,Green
3212,Ancient,Purple,White-purple,Green
3213,Tunnel,Purple,Gold,Diamond
3214,Changingroom,Darkblue,Yellow,Blue
3215,Stadium,Blue2,Gold,White
3216,Changingroom,Pink,Blue,Red
3217,Tunnel,Blue,Green,Green
3218,Tunnel,Blue2,Gold,Purple
3219,Street,Darkgreen,Green,Gold
3220,Stadium,Purple,Gold,Green
3221,Changingroom,Gold,White-red,Black
3222,Changingroom,Red,White,Blue
3223,Ancient,Pink,Red,White
3224,Stadium,Blue2,Pink,Diamond
3225,Tunnel,Gold,White,Green
3226,Tunnel,Blue,Gold,White
3227,Changingroom,Purple,White-red,White
3228,Tunnel,Pink,White-purple,White
3229,Street,Purple,White-purple,Red
3230,Ancient,Darkgreen,Gold,Blue
3231,Stadium,Pink,White-red,White
3232,Street,Darkgreen,Blue,Blue
3233,Stadium,Blue,White-red,Diamond
3234,Street,Red,Purple,White
3235,Tunnel,Pink,Pink,Red
3236,Street,Pink,Red,Diamond
3237,Stadium,Gold,White-purple,Black
3238,Stadium,Green,Purple,Red
3239,Stadium,Blue,Red,Black
3240,Tunnel,Green,Gold,White
3241,Street,Pink,Green,Purple
3242,Changingroom,Darkgreen,Gold,White
3243,Street,Darkgreen,White,Red
3244,Changingroom,Pink,White-purple,Red
3245,Tunnel,Red,White-red,Green
3246,Changingroom,Pink,Pink,Gold
3247,Tunnel,Darkgreen,Yellow,Green
3248,Changingroom,Darkblue,White-purple,Green
3249,Changingroom,Darkgreen,Yellow,White
3250,Tunnel,Blue2,Diamond,Red
3251,Stadium,Darkgreen,Pink,Gold
3252,Tunnel,Darkblue,Blue,Diamond
3253,Ancient,Darkgreen,Yellow,Purple
3254,Street,Green,Yellow,Black
3255,Street,Green,White,Blue
3256,Changingroom,Blue2,Red,Purple
3257,Street,Red,White-blue,Purple
3258,Ancient,Darkblue,White-blue,Red
3259,Ancient,Darkblue,Green,Green
3260,Street,Pink,Purple,Gold
3261,Ancient,Blue2,Red,Purple
3262,Goldenhour,Blue2,Diamond,Green
3263,Stadium,Green,White-purple,Purple
3264,Goldenhour,Darkblue,Yellow,Purple
3265,Stadium,Darkgreen,Yellow,Purple
3266,Stadium,Gold,Yellow,White
3267,Changingroom,Red,Red,Diamond
3268,Goldenhour,Pink,White-blue,White
3269,Stadium,Pink,Pink,Green
3270,Goldenhour,Blue,Blue,Red
3271,Stadium,Blue,White-pink,Black
3272,Changingroom,Purple,Diamond,Red
3273,Changingroom,Green,Gold,Blue
3274,Ancient,Purple,White-blue,Black
3275,Goldenhour,Pink,White-pink,White
3276,Tunnel,Darkblue,Green,Purple
3277,Goldenhour,Darkgreen,Purple,White
3278,Ancient,Blue,Yellow,Purple
3279,Changingroom,Blue2,White-red,Red
3280,Stadium,Gold,White,Blue
3281,Ancient,Blue,Pink,Diamond
3282,Goldenhour,Darkgreen,Purple,Blue
3283,Ancient,Darkgreen,White-red,Purple
3284,Goldenhour,Red,Gold,Purple
3285,Goldenhour,Pink,White-blue,Green
3286,Stadium,Red,Diamond,Red
3287,Tunnel,Gold,Green,Purple
3288,Stadium,Pink,Red,White
3289,Tunnel,Pink,Red,Diamond
3290,Street,Purple,Diamond,Purple
3291,Goldenhour,Pink,Gold,Blue
3292,Goldenhour,Pink,White-pink,Red
3293,Goldenhour,Purple,White-red,Black
3294,Goldenhour,Gold,Purple,Black
3295,Street,Gold,Diamond,Purple
3296,Street,Pink,Blue,Red
3297,Ancient,Gold,Red,White
3298,Goldenhour,Darkgreen,Blue,Diamond
3299,Goldenhour,Blue2,White-blue,Purple
3300,Tunnel,Gold,White-red,Purple
3301,Street,Red,White-blue,Diamond
3302,Ancient,Pink,White-blue,Red
3303,Stadium,Blue,Purple,Blue
3304,Changingroom,Green,Green,White
3305,Ancient,Red,White-pink,Red
3306,Street,Blue,White-purple,Purple
3307,Stadium,Green,White,White
3308,Ancient,Darkblue,Gold,Blue
3309,Street,Blue2,Blue,White
3310,Stadium,Purple,White,Gold
3311,Goldenhour,Blue2,White-red,White
3312,Changingroom,Darkgreen,White-red,White
3313,Tunnel,Gold,White,Red
3314,Street,Green,Yellow,Purple
3315,Street,Pink,Gold,Red
3316,Goldenhour,Purple,Blue,Blue
3317,Stadium,Pink,White-pink,Gold
3318,Tunnel,Pink,Blue,Gold
3319,Changingroom,Pink,White-purple,Gold
3320,Street,Darkgreen,White-blue,Purple
3321,Stadium,Pink,White-pink,Purple
3322,Stadium,Purple,Red,Purple
3323,Tunnel,Pink,Pink,Black
3324,Changingroom,Pink,Red,Gold
3325,Tunnel,Pink,Diamond,Red
3326,Goldenhour,Gold,White-pink,Red
3327,Changingroom,Darkgreen,Yellow,Diamond
3328,Tunnel,Darkgreen,White-red,Purple
3329,Stadium,Gold,White-blue,Blue
3330,Changingroom,Pink,Diamond,Black
3331,Stadium,Blue2,Gold,Black
3332,Ancient,Green,Purple,Red
3333,Tunnel,Red,Green,Red
3334,Changingroom,Darkgreen,Diamond,Black
3335,Stadium,Blue,White,White
3336,Street,Green,White-purple,Red
3337,Ancient,Gold,White-pink,Blue
3338,Street,Red,White-pink,Purple
3339,Stadium,Red,White-blue,Diamond
3340,Stadium,Green,Blue,Black
3341,Ancient,Red,White-pink,White
3342,Tunnel,Blue2,Diamond,White
3343,Goldenhour,Darkgreen,White-purple,Purple
3344,Ancient,Red,Diamond,Purple
3345,Ancient,Blue2,White-red,Green
3346,Goldenhour,Pink,Purple,Red
3347,Street,Red,White-blue,White
3348,Goldenhour,Purple,Diamond,Green
3349,Ancient,Darkgreen,Blue,Blue
3350,Goldenhour,Pink,Pink,White
3351,Street,Blue,Yellow,Gold
3352,Goldenhour,Darkblue,Pink,Blue
3353,Changingroom,Blue2,White-red,White
3354,Changingroom,Purple,Red,Gold
3355,Street,Gold,White-blue,Red
3356,Goldenhour,Red,Blue,Blue
3357,Street,Darkblue,Red,Black
3358,Goldenhour,Darkgreen,Yellow,Red
3359,Goldenhour,Blue,Blue,Green
3360,Street,Red,Blue,Blue
3361,Stadium,Darkblue,White,Gold
3362,Changingroom,Blue2,Blue,Gold
3363,Stadium,Green,Green,White
3364,Street,Gold,Diamond,Black
3365,Stadium,Purple,Pink,Green
3366,Goldenhour,Darkblue,White-pink,Gold
3367,Goldenhour,Blue2,Green,Green
3368,Stadium,Darkgreen,Blue,Green
3369,Changingroom,Darkblue,White-purple,Blue
3370,Street,Gold,Diamond,Red
3371,Street,Gold,Purple,Black
3372,Stadium,Red,White-purple,Green
3373,Street,Green,White-blue,Black
3374,Street,Gold,Yellow,Black
3375,Ancient,Red,Blue,Purple
3376,Goldenhour,Gold,White-red,White
3377,Street,Pink,Yellow,Red
3378,Stadium,Gold,White,White
3379,Ancient,Pink,Gold,Black
3380,Tunnel,Red,Purple,Gold
3381,Goldenhour,Blue2,White-pink,Gold
3382,Street,Pink,Pink,Black
3383,Ancient,Blue,Yellow,Blue
3384,Ancient,Red,Red,Green
3385,Goldenhour,Darkblue,Yellow,Diamond
3386,Changingroom,Blue2,Blue,Diamond
3387,Street,Pink,Purple,White
3388,Goldenhour,Darkgreen,Yellow,Black
3389,Goldenhour,Purple,Diamond,Red
3390,Stadium,Red,White-red,Purple
3391,Stadium,Darkgreen,Blue,Gold
3392,Ancient,Pink,White-pink,White
3393,Stadium,Green,Gold,Red
3394,Ancient,Pink,Yellow,Black
3395,Tunnel,Gold,White-red,Blue
3396,Street,Darkblue,Red,Purple
3397,Street,Gold,White-pink,White
3398,Goldenhour,Purple,Gold,White
3399,Street,Red,White,Diamond
3400,Changingroom,Purple,White,Diamond
3401,Stadium,Pink,Gold,White
3402,Tunnel,Purple,White-pink,White
3403,Tunnel,Darkblue,Yellow,Diamond
3404,Changingroom,Darkgreen,White,Gold
3405,Ancient,Blue2,Green,Red
3406,Ancient,Blue,Diamond,Red
3407,Stadium,Blue,Pink,Diamond
3408,Changingroom,Purple,White-red,Purple
3409,Street,Blue,Green,Black
3410,Changingroom,Red,Gold,Black
3411,Ancient,Green,Yellow,Red
3412,Ancient,Darkgreen,White-pink,White
3413,Street,Darkblue,White-red,Purple
3414,Street,Darkgreen,White,Black
3415,Street,Purple,Yellow,Green
3416,Ancient,Purple,White-blue,Red
3417,Street,Darkblue,Green,Green
3418,Changingroom,Darkblue,Red,Gold
3419,Goldenhour,Green,Red,Green
3420,Street,Red,Gold,Black
3421,Stadium,Red,Yellow,White
3422,Ancient,Darkblue,Gold,Purple
3423,Changingroom,Green,White-red,Blue
3424,Tunnel,Darkblue,White,Gold
3425,Street,Darkblue,White-red,White
3426,Ancient,Purple,Purple,Black
3427,Tunnel,Darkblue,Diamond,Blue
3428,Stadium,Red,Red,White
3429,Ancient,Darkblue,Yellow,Black
3430,Goldenhour,Darkgreen,Red,Gold
3431,Street,Green,Diamond,Blue
3432,Changingroom,Darkgreen,White,White
3433,Goldenhour,Blue,White-pink,White
3434,Ancient,Red,Red,Purple
3435,Ancient,Red,Red,Red
3436,Tunnel,Darkblue,Diamond,Purple
3437,Stadium,Pink,White-red,Purple
3438,Stadium,Green,Blue,Gold
3439,Street,Darkgreen,Pink,Purple
3440,Ancient,Green,Red,Black
3441,Stadium,Green,White-blue,Red
3442,Stadium,Green,Gold,Black
3443,Tunnel,Red,Green,Gold
3444,Street,Pink,White-red,Purple
3445,Stadium,Darkblue,Diamond,Green
3446,Changingroom,Blue,Blue,Blue
3447,Street,Darkblue,White-pink,Green
3448,Tunnel,Red,Pink,Blue
3449,Street,Blue,White-blue,Diamond
3450,Tunnel,Green,Green,Gold
3451,Changingroom,Darkblue,White-purple,Gold
3452,Stadium,Purple,Pink,Red
3453,Street,Pink,Red,Green
3454,Goldenhour,Pink,Blue,Red
3455,Street,Purple,White-red,Purple
3456,Stadium,Purple,Purple,Red
3457,Goldenhour,Red,Blue,Gold
3458,Tunnel,Purple,Diamond,Red
3459,Ancient,Darkblue,Green,Black
3460,Goldenhour,Purple,Pink,Black
3461,Street,Darkgreen,Red,Purple
3462,Stadium,Blue2,Diamond,Blue
3463,Changingroom,Purple,Yellow,Diamond
3464,Changingroom,Purple,White-pink,White
3465,Ancient,Green,Purple,Gold
3466,Goldenhour,Darkgreen,White-red,Blue
3467,Changingroom,Pink,Blue,Blue
3468,Stadium,Darkblue,Purple,Blue
3469,Goldenhour,Pink,White,Gold
3470,Ancient,Blue,Gold,Diamond
3471,Tunnel,Green,White,Diamond
3472,Changingroom,Blue2,White-purple,Black
3473,Stadium,Green,Pink,Red
3474,Stadium,Gold,Green,Red
3475,Ancient,Darkblue,White-red,Black
3476,Tunnel,Gold,White-red,Red
3477,Ancient,Green,White-purple,White
3478,Stadium,Blue2,Blue,Green
3479,Tunnel,Gold,White-blue,Green
3480,Stadium,Green,White-pink,Gold
3481,Tunnel,Red,Purple,White
3482,Goldenhour,Purple,Green,Diamond
3483,Stadium,Blue,White-blue,Black
3484,Goldenhour,Blue2,White,Blue
3485,Ancient,Red,White-red,Diamond
3486,Street,Red,Pink,Purple
3487,Stadium,Darkblue,Green,Black
3488,Stadium,Gold,Pink,White
3489,Tunnel,Gold,White-red,Black
3490,Stadium,Darkgreen,Pink,Green
3491,Changingroom,Purple,Diamond,White
3492,Stadium,Darkgreen,Diamond,Purple
3493,Ancient,Blue2,White-red,Blue
3494,Tunnel,Blue,Diamond,White
3495,Ancient,Pink,Red,Diamond
3496,Changingroom,Red,Gold,Diamond
3497,Changingroom,Pink,Blue,Green
3498,Ancient,Gold,White-purple,Green
3499,Stadium,Green,White-pink,Diamond
3500,Changingroom,Darkgreen,Red,Gold
3501,Street,Pink,Blue,Diamond
3502,Goldenhour,Gold,Pink,Red
3503,Goldenhour,Green,White,Purple
3504,Street,Red,Purple,Black
3505,Goldenhour,Pink,Pink,Blue
3506,Stadium,Darkgreen,Yellow,Diamond
3507,Changingroom,Darkblue,Yellow,Diamond
3508,Goldenhour,Gold,Green,Green
3509,Tunnel,Red,Pink,Purple
3510,Street,Green,White-pink,Green
3511,Street,Blue2,Pink,Blue
3512,Goldenhour,Purple,Blue,Black
3513,Goldenhour,Darkgreen,Green,Diamond
3514,Ancient,Darkgreen,White-red,Blue
3515,Street,Pink,Blue,Gold
3516,Changingroom,Red,Yellow,Purple
3517,Changingroom,Red,Blue,White
3518,Street,Darkblue,Yellow,Diamond
3519,Street,Green,White,Black
3520,Ancient,Pink,Gold,Purple
3521,Tunnel,Pink,Diamond,Blue
3522,Changingroom,Darkgreen,Yellow,Green
3523,Changingroom,Blue2,Gold,White
3524,Goldenhour,Darkblue,White-red,Purple
3525,Changingroom,Blue2,White,White
3526,Stadium,Darkgreen,Diamond,Red
3527,Tunnel,Pink,White-blue,Red
3528,Tunnel,Gold,Diamond,Red
3529,Stadium,Gold,White-pink,White
3530,Street,Green,Blue,Purple
3531,Street,Blue,Diamond,Blue
3532,Street,Green,Diamond,White
3533,Ancient,Blue2,Red,Blue
3534,Tunnel,Purple,Gold,White
3535,Changingroom,Darkgreen,Yellow,Red
3536,Street,Pink,Pink,Red
3537,Goldenhour,Darkblue,White-purple,Diamond
3538,Tunnel,Blue2,Blue,Purple
3539,Street,Gold,White-blue,Blue
3540,Stadium,Blue,Green,Diamond
3541,Goldenhour,Green,Blue,Green
3542,Changingroom,Green,White-pink,Gold
3543,Street,Gold,White,Black
3544,Ancient,Purple,White,Purple
3545,Street,Blue2,Red,Black
3546,Street,Gold,Purple,Purple
3547,Ancient,Gold,White-pink,Red
3548,Stadium,Blue2,Yellow,Black
3549,Changingroom,Blue2,Pink,Red
3550,Goldenhour,Blue2,Diamond,Blue
3551,Street,Purple,Blue,Green
3552,Tunnel,Green,Blue,Green
3553,Tunnel,Darkblue,Blue,White
3554,Ancient,Blue,Pink,Green
3555,Ancient,Darkgreen,Gold,White
3556,Street,Green,White-blue,Gold
3557,Changingroom,Purple,White-pink,Green
3558,Goldenhour,Blue2,Gold,White
3559,Tunnel,Red,White-purple,Diamond
3560,Stadium,Blue2,Red,Black
3561,Stadium,Darkblue,Purple,White
3562,Changingroom,Gold,Green,Gold
3563,Street,Green,Purple,Red
3564,Goldenhour,Gold,White-purple,White
3565,Stadium,Blue2,Diamond,Diamond
3566,Street,Purple,Gold,White
3567,Ancient,Blue2,Pink,Green
3568,Stadium,Green,White-purple,Diamond
3569,Tunnel,Green,Purple,Diamond
3570,Changingroom,Pink,Diamond,Red
3571,Tunnel,Gold,Diamond,White
3572,Changingroom,Blue,Gold,Black
3573,Ancient,Gold,Blue,Blue
3574,Ancient,Blue2,White,Green
3575,Goldenhour,Purple,Blue,Green
3576,Ancient,Gold,White-blue,Black
3577,Stadium,Blue2,Purple,Gold
3578,Goldenhour,Gold,White-purple,Green
3579,Street,Blue,Pink,Diamond
3580,Goldenhour,Blue,Pink,Blue
3581,Tunnel,Red,White-purple,Purple
3582,Stadium,Purple,Green,Black
3583,Goldenhour,Darkblue,Green,Red
3584,Goldenhour,Darkgreen,White-red,Green
3585,Goldenhour,Gold,Purple,White
3586,Street,Blue2,White-blue,Black
3587,Tunnel,Green,Diamond,White
3588,Tunnel,Purple,White-purple,Gold
3589,Goldenhour,Darkgreen,White-blue,Gold
3590,Ancient,Pink,White,Green
3591,Tunnel,Green,Red,Red
3592,Stadium,Pink,White,Green
3593,Tunnel,Blue,Pink,Blue
3594,Goldenhour,Red,Pink,Blue
3595,Street,Darkblue,White-blue,Blue
3596,Tunnel,Blue,White-purple,Purple
3597,Street,Blue2,Purple,Gold
3598,Stadium,Darkblue,Gold,Purple
3599,Ancient,Red,White,Red
3600,Street,Darkgreen,White-blue,Diamond
3601,Street,Pink,White-blue,Red
3602,Street,Pink,White,Purple
3603,Street,Gold,Green,Black
3604,Ancient,Pink,Purple,Black
3605,Goldenhour,Blue2,Blue,Diamond
3606,Stadium,Blue2,Purple,Purple
3607,Stadium,Purple,Blue,Gold
3608,Ancient,Blue,White-pink,White
3609,Ancient,Blue,White-pink,Green
3610,Ancient,Purple,White-purple,Blue
3611,Ancient,Blue,White-purple,Red
3612,Tunnel,Blue,White-blue,Green
3613,Goldenhour,Darkgreen,White-blue,Black
3614,Goldenhour,Blue,White,White
3615,Changingroom,Gold,White,White
3616,Goldenhour,Darkgreen,White-purple,Gold
3617,Goldenhour,Pink,White,Diamond
3618,Stadium,Red,Green,Blue
3619,Changingroom,Gold,Yellow,Green
3620,Tunnel,Darkblue,Gold,Black
3621,Changingroom,Blue,Gold,Red
3622,Tunnel,Gold,Green,Red
3623,Ancient,Blue2,Gold,Black
3624,Changingroom,Pink,White-purple,Purple
3625,Changingroom,Purple,White-red,Diamond
3626,Stadium,Green,White-purple,Gold
3627,Ancient,Blue2,Yellow,Purple
3628,Changingroom,Purple,White-pink,Gold
3629,Changingroom,Blue2,Blue,Red
3630,Changingroom,Red,Diamond,Red
3631,Changingroom,Blue,Yellow,Blue
3632,Tunnel,Red,Gold,Blue
3633,Ancient,Darkgreen,White-purple,Green
3634,Stadium,Green,White-pink,Purple
3635,Tunnel,Darkgreen,Diamond,Red
3636,Street,Blue,White,Green
3637,Stadium,Purple,Yellow,Black
3638,Ancient,Darkgreen,White-blue,White
3639,Stadium,Blue2,White-purple,Gold
3640,Tunnel,Green,White-pink,Blue
3641,Tunnel,Darkblue,Purple,Gold
3642,Tunnel,Gold,Purple,Purple
3643,Tunnel,Gold,White-blue,Purple
3644,Stadium,Darkgreen,Gold,Diamond
3645,Stadium,Gold,White-purple,White
3646,Stadium,Gold,Red,Purple
3647,Changingroom,Gold,Blue,Green
3648,Ancient,Gold,Purple,Black
3649,Goldenhour,Red,Diamond,Black
3650,Ancient,Darkblue,Diamond,Blue
3651,Ancient,Darkgreen,White,Black
3652,Street,Green,White-purple,Blue
3653,Street,Blue2,Diamond,Purple
3654,Changingroom,Gold,White-pink,Green
3655,Street,Gold,Blue,White
3656,Ancient,Blue2,Yellow,Blue
3657,Tunnel,Red,White,Blue
3658,Street,Blue2,Green,Purple
3659,Tunnel,Pink,White-red,Diamond
3660,Stadium,Red,Gold,Red
3661,Goldenhour,Purple,Blue,Red
3662,Changingroom,Purple,White-red,Gold
3663,Ancient,Purple,White-purple,Gold
3664,Street,Blue2,Diamond,Blue
3665,Stadium,Blue2,Pink,Green
3666,Street,Red,Red,Gold
3667,Goldenhour,Blue2,Diamond,Purple
3668,Ancient,Pink,White-red,Green
3669,Tunnel,Purple,White-pink,Diamond
3670,Street,Darkblue,Yellow,Green
3671,Tunnel,Purple,White-purple,Diamond
3672,Goldenhour,Blue2,White-red,Gold
3673,Tunnel,Darkgreen,Pink,Gold
3674,Goldenhour,Pink,Green,Gold
3675,Tunnel,Blue,Pink,Diamond
3676,Changingroom,Gold,Blue,Red
3677,Changingroom,Darkblue,Pink,Black
3678,Street,Green,Gold,Blue
3679,Street,Purple,White,Gold
3680,Goldenhour,Darkgreen,Diamond,White
3681,Stadium,Pink,Purple,White
3682,Street,Blue2,Pink,Gold
3683,Stadium,Blue2,Diamond,Black
3684,Changingroom,Green,White-blue,Gold
3685,Goldenhour,Purple,White-blue,Gold
3686,Street,Blue,Blue,Purple
3687,Stadium,Darkblue,Red,Gold
3688,Stadium,Blue2,Blue,Gold
3689,Stadium,Blue2,Diamond,Green
3690,Tunnel,Green,Purple,Black
3691,Tunnel,Purple,Purple,Diamond
3692,Stadium,Pink,Gold,Red
3693,Stadium,Pink,Gold,Diamond
3694,Ancient,Purple,White-purple,White
3695,Tunnel,Purple,Pink,Gold
3696,Street,Blue,Diamond,Green
3697,Street,Blue,Red,Gold
3698,Street,Purple,Gold,Purple
3699,Ancient,Blue2,White-blue,Purple
3700,Changingroom,Blue,White-pink,Red
3701,Stadium,Red,White-red,Blue
3702,Changingroom,Gold,Yellow,Purple
3703,Changingroom,Darkblue,White-red,Gold
3704,Street,Darkblue,Green,Diamond
3705,Ancient,Pink,White,Blue
3706,Street,Gold,Pink,White
3707,Tunnel,Red,Pink,Black
3708,Ancient,Darkgreen,Blue,Red
3709,Street,Darkgreen,Green,Red
3710,Tunnel,Gold,Diamond,Purple
3711,Ancient,Blue2,Pink,Black
3712,Stadium,Darkblue,White-red,Diamond
3713,Goldenhour,Gold,White-red,Purple
3714,Ancient,Purple,White,Red
3715,Ancient,Darkblue,White-pink,Red
3716,Street,Red,Yellow,Gold
3717,Changingroom,Darkgreen,Gold,Blue
3718,Changingroom,Blue,Pink,Red
3719,Ancient,Blue2,Blue,Purple
3720,Street,Darkgreen,White-red,Diamond
3721,Ancient,Red,Diamond,White
3722,Ancient,Green,Gold,Red
3723,Tunnel,Gold,Green,Green
3724,Stadium,Blue,Pink,Green
3725,Tunnel,Green,White-pink,Diamond
3726,Stadium,Blue2,Red,Red
3727,Goldenhour,Red,Pink,Gold
3728,Stadium,Blue2,Purple,White
3729,Changingroom,Purple,Pink,Diamond
3730,Ancient,Blue2,Blue,Black
3731,Changingroom,Purple,Purple,White
3732,Changingroom,Blue,Red,White
3733,Street,Darkgreen,Diamond,Purple
3734,Street,Gold,Yellow,Blue
3735,Ancient,Gold,Pink,Blue
3736,Street,Pink,White-blue,Blue
3737,Ancient,Pink,Red,Green
3738,Street,Darkgreen,White-blue,Green
3739,Tunnel,Gold,White-blue,Black
3740,Stadium,Darkblue,White-red,Purple
3741,Changingroom,Darkgreen,White-pink,Gold
3742,Changingroom,Gold,Yellow,Blue
3743,Street,Red,White-pink,Blue
3744,Tunnel,Green,Diamond,Purple
3745,Tunnel,Gold,White-purple,Black
3746,Changingroom,Darkgreen,Gold,Green
3747,Changingroom,Red,White-blue,Diamond
3748,Changingroom,Pink,Green,Gold
3749,Street,Darkgreen,White-purple,Green
3750,Ancient,Green,Yellow,Diamond
3751,Stadium,Blue,White-pink,Purple
3752,Ancient,Green,White-blue,Blue
3753,Street,Darkblue,Gold,White
3754,Tunnel,Blue,Diamond,Green
3755,Street,Gold,White-blue,Black
3756,Goldenhour,Blue,White-red,Red
3757,Changingroom,Darkblue,Diamond,White
3758,Street,Blue,Diamond,White
3759,Stadium,Pink,Diamond,Purple
3760,Ancient,Gold,Diamond,Red
3761,Goldenhour,Gold,Yellow,Black
3762,Ancient,Gold,Yellow,Green
3763,Ancient,Blue,White-purple,White
3764,Stadium,Darkblue,White,White
3765,Ancient,Darkgreen,White,Purple
3766,Stadium,Darkgreen,White-pink,Green
3767,Changingroom,Darkgreen,White-pink,White
3768,Stadium,Green,Pink,Green
3769,Ancient,Purple,Yellow,Purple
3770,Street,Purple,Green,Gold
3771,Ancient,Purple,White-blue,Purple
3772,Ancient,Gold,White-blue,Purple
3773,Tunnel,Pink,White,White
3774,Ancient,Darkgreen,Red,Red
3775,Street,Pink,Purple,Diamond
3776,Street,Darkblue,Green,Blue
3777,Goldenhour,Blue,Green,Purple
3778,Changingroom,Gold,Yellow,Black
3779,Street,Pink,Blue,Blue
3780,Tunnel,Gold,White-pink,Green
3781,Tunnel,Red,Red,Gold
3782,Stadium,Gold,Purple,Black
3783,Goldenhour,Green,White,White
3784,Ancient,Darkgreen,Pink,Purple
3785,Goldenhour,Pink,White-purple,Green
3786,Stadium,Darkblue,Gold,Blue
3787,Stadium,Gold,Diamond,Blue
3788,Street,Red,Gold,White
3789,Street,Blue2,Blue,Gold
3790,Goldenhour,Pink,White-pink,Gold
3791,Ancient,Blue2,Green,Blue
3792,Ancient,Gold,Green,Blue
3793,Goldenhour,Gold,Purple,Blue
3794,Ancient,Darkblue,Purple,Red
3795,Tunnel,Pink,Gold,Gold
3796,Ancient,Green,Gold,White
3797,Ancient,Blue,Gold,Gold
3798,Ancient,Red,White-purple,White
3799,Ancient,Darkgreen,Purple,Red
3800,Ancient,Darkblue,Pink,Blue
3801,Ancient,Blue2,White-purple,Red
3802,Goldenhour,Pink,Diamond,Red
3803,Goldenhour,Blue2,White,Black
3804,Goldenhour,Gold,White-pink,Blue
3805,Ancient,Blue2,White-blue,White
3806,Ancient,Green,Yellow,Green
3807,Street,Darkblue,White-red,Black
3808,Goldenhour,Darkgreen,Green,Black
3809,Changingroom,Darkgreen,Blue,Green
3810,Ancient,Darkgreen,White-blue,Blue
3811,Ancient,Gold,Yellow,Red
3812,Stadium,Purple,White-red,Diamond
3813,Changingroom,Purple,Green,Gold
3814,Ancient,Blue2,White-red,Red
3815,Ancient,Darkblue,Red,Red
3816,Ancient,Darkblue,Green,Red
3817,Stadium,Purple,White,Blue
3818,Goldenhour,Purple,Diamond,White
3819,Stadium,Blue,Gold,Black
3820,Stadium,Gold,Purple,White
3821,Changingroom,Pink,Yellow,Purple
3822,Ancient,Gold,White,Purple
3823,Tunnel,Darkgreen,Gold,Black
3824,Street,Pink,Gold,Black
3825,Changingroom,Darkblue,Diamond,Red
3826,Ancient,Blue,Green,White
3827,Street,Purple,White-purple,Green
3828,Street,Blue2,Diamond,Green
3829,Street,Purple,Blue,Diamond
3830,Ancient,Pink,Pink,Purple
3831,Ancient,Darkgreen,White-blue,Red
3832,Changingroom,Darkgreen,Red,Blue
3833,Street,Pink,Green,Red
3834,Stadium,Green,Pink,Diamond
3835,Tunnel,Red,White-pink,Diamond
3836,Changingroom,Darkgreen,Yellow,Gold
3837,Tunnel,Darkblue,Red,Green
3838,Stadium,Blue,Red,Green
3839,Ancient,Darkgreen,Diamond,Purple
3840,Ancient,Darkblue,Pink,Red
3841,Street,Blue2,White-blue,Blue
3842,Goldenhour,Darkblue,White,Black
3843,Tunnel,Gold,Pink,Gold
3844,Changingroom,Green,Blue,Gold
3845,Ancient,Purple,Pink,Red
3846,Ancient,Pink,Red,Blue
3847,Stadium,Red,White-purple,Red
3848,Changingroom,Blue,Pink,Blue
3849,Street,Gold,Pink,Red
3850,Tunnel,Gold,Diamond,Black
3851,Tunnel,Darkgreen,Diamond,Black
3852,Ancient,Blue,Blue,Purple
3853,Street,Darkgreen,White,Gold
3854,Ancient,Blue,Purple,Red
3855,Changingroom,Darkgreen,Gold,Purple
3856,Goldenhour,Blue2,Red,Diamond
3857,Stadium,Blue2,Pink,Black
3858,Goldenhour,Red,Diamond,White
3859,Stadium,Purple,Yellow,Purple
3860,Street,Blue2,White-purple,Green
3861,Goldenhour,Darkgreen,White-purple,White
3862,Goldenhour,Blue,Red,Purple
3863,Goldenhour,Blue,Green,Black
3864,Changingroom,Pink,White-blue,Gold
3865,Goldenhour,Purple,Blue,Diamond
3866,Goldenhour,Purple,White,Purple
3867,Ancient,Gold,Red,Purple
3868,Ancient,Gold,Green,White
3869,Tunnel,Gold,White-blue,Blue
3870,Changingroom,Purple,White-pink,Blue
3871,Tunnel,Darkblue,Red,Red
3872,Ancient,Darkgreen,White-red,Black
3873,Changingroom,Gold,Pink,White
3874,Tunnel,Blue2,Diamond,Diamond
3875,Stadium,Blue2,White,Diamond
3876,Goldenhour,Purple,Diamond,Gold
3877,Tunnel,Blue2,Pink,Blue
3878,Goldenhour,Purple,Gold,Green
3879,Goldenhour,Blue2,Gold,Purple
3880,Street,Pink,White-blue,Green
3881,Tunnel,Gold,Red,White
3882,Tunnel,Green,White,Red
3883,Ancient,Red,White-blue,Black
3884,Changingroom,Blue2,White-blue,Gold
3885,Tunnel,Darkgreen,White-pink,Black
3886,Stadium,Purple,White-purple,Diamond
3887,Goldenhour,Blue,Pink,Gold
3888,Goldenhour,Gold,Purple,Purple
3889,Tunnel,Darkgreen,Pink,Green
3890,Goldenhour,Darkblue,Purple,Diamond
3891,Changingroom,Pink,Green,Blue
3892,Tunnel,Red,Gold,Purple
3893,Stadium,Red,White,Diamond
3894,Goldenhour,Pink,Diamond,Blue
3895,Stadium,Gold,Purple,Green
3896,Goldenhour,Gold,Blue,Blue
3897,Ancient,Darkgreen,White-blue,Green
3898,Goldenhour,Blue,Gold,Blue
3899,Stadium,Red,White-blue,Red
3900,Goldenhour,Darkblue,White-blue,Diamond
3901,Goldenhour,Red,Green,Gold
3902,Changingroom,Darkblue,White-red,Black
3903,Stadium,Blue,Yellow,Black
3904,Ancient,Purple,White,Black
3905,Tunnel,Pink,Gold,White
3906,Stadium,Darkblue,Pink,Red
3907,Stadium,Purple,Purple,Purple
3908,Tunnel,Purple,White,Gold
3909,Goldenhour,Darkblue,White-purple,Purple
3910,Ancient,Purple,Green,Red
3911,Changingroom,Darkgreen,Purple,Green
3912,Changingroom,Gold,White-pink,Black
3913,Goldenhour,Blue2,Pink,Black
3914,Goldenhour,Pink,Gold,Green
3915,Tunnel,Pink,White-purple,Gold
3916,Changingroom,Blue2,Diamond,Gold
3917,Ancient,Green,White-blue,White
3918,Goldenhour,Darkgreen,Purple,Purple
3919,Goldenhour,Blue2,Gold,Blue
3920,Goldenhour,Blue2,White-blue,Diamond
3921,Street,Darkblue,Gold,Green
3922,Changingroom,Purple,Yellow,Blue
3923,Changingroom,Purple,Blue,Black
3924,Stadium,Purple,White-pink,Black
3925,Street,Green,Red,Gold
3926,Stadium,Purple,Blue,Purple
3927,Stadium,Blue,White-blue,Purple
3928,Ancient,Blue2,White,Blue
3929,Changingroom,Green,Green,Black
3930,Tunnel,Gold,Blue,White
3931,Tunnel,Purple,Green,Gold
3932,Stadium,Gold,White-red,Black
3933,Changingroom,Green,White-red,Diamond
3934,Tunnel,Pink,White-pink,Blue
3935,Goldenhour,Darkblue,Gold,Red
3936,Stadium,Darkgreen,Diamond,Blue
3937,Tunnel,Green,White-blue,Blue
3938,Stadium,Red,White-purple,Diamond
3939,Tunnel,Purple,Green,Purple
3940,Street,Blue,White-red,Green
3941,Stadium,Blue2,Purple,Blue
3942,Street,Darkblue,Red,Red
3943,Tunnel,Gold,Green,Black
3944,Ancient,Red,Pink,Red
3945,Tunnel,Blue2,Blue,Gold
3946,Tunnel,Pink,Purple,Diamond
3947,Goldenhour,Darkgreen,White-blue,Purple
3948,Ancient,Blue2,White-purple,White
3949,Ancient,Red,White-red,White
3950,Goldenhour,Darkgreen,White-blue,Diamond
3951,Ancient,Pink,White-purple,White
3952,Ancient,Red,White,Blue
3953,Street,Pink,Diamond,Black
3954,Stadium,Blue2,White,White
3955,Street,Pink,White-pink,Gold
3956,Ancient,Blue2,Red,Red
3957,Goldenhour,Red,White-red,Gold
3958,Goldenhour,Blue2,Red,Gold
3959,Ancient,Blue,White-red,Blue
3960,Tunnel,Green,Purple,Blue
3961,Ancient,Darkgreen,White,Green
3962,Tunnel,Gold,Red,Blue
3963,Stadium,Gold,Pink,Purple
3964,Ancient,Darkgreen,White-purple,Red
3965,Changingroom,Darkgreen,White-purple,Diamond
3966,Goldenhour,Blue2,Blue,Purple
3967,Ancient,Pink,Green,White
3968,Tunnel,Red,White,White
3969,Stadium,Blue2,White-red,White
3970,Ancient,Pink,White-blue,Diamond
3971,Street,Gold,White-red,White
3972,Ancient,Blue,White,White
3973,Street,Gold,White-pink,Blue
3974,Goldenhour,Blue2,Pink,Red
3975,Street,Blue,Purple,Purple
3976,Changingroom,Gold,Yellow,White
3977,Tunnel,Green,Pink,Gold
3978,Tunnel,Green,Gold,Black
3979,Ancient,Green,White,White
3980,Street,Green,Diamond,Black
3981,Goldenhour,Gold,Green,White
3982,Tunnel,Blue,Green,Black
3983,Stadium,Pink,Diamond,White
3984,Street,Red,Purple,Gold
3985,Changingroom,Blue,White-blue,Purple
3986,Stadium,Red,Pink,Red
3987,Goldenhour,Darkblue,Diamond,Blue
3988,Goldenhour,Pink,White-blue,Purple
3989,Stadium,Blue2,Gold,Purple
3990,Stadium,Green,Diamond,Purple
3991,Tunnel,Blue,Gold,Diamond
3992,Ancient,Darkblue,Red,Black
3993,Tunnel,Darkgreen,Pink,Black
3994,Stadium,Green,Gold,Diamond
3995,Changingroom,Pink,Green,White
3996,Ancient,Darkblue,White-blue,Purple
3997,Ancient,Gold,White-pink,White
3998,Goldenhour,Blue2,Diamond,Red
3999,Street,Pink,Green,Black
4000,Ancient,Darkblue,White,Diamond
4001,Changingroom,Green,Yellow,Diamond
4002,Tunnel,Purple,Green,Black
4003,Ancient,Darkblue,Red,Green
4004,Goldenhour,Darkgreen,White-red,Gold
4005,Changingroom,Red,White-red,Black
4006,Tunnel,Pink,Green,Gold
4007,Ancient,Blue,Purple,Diamond
4008,Stadium,Purple,Yellow,Gold
4009,Goldenhour,Gold,White,Green
4010,Stadium,Gold,Green,Diamond
4011,Stadium,Purple,Green,Red
4012,Street,Blue2,Purple,Diamond
4013,Ancient,Darkgreen,Pink,Diamond
4014,Goldenhour,Darkblue,White-red,Gold
4015,Street,Blue,Gold,Blue
4016,Changingroom,Darkblue,Diamond,Purple
4017,Street,Gold,White-red,Blue
4018,Street,Purple,White,Blue
4019,Stadium,Pink,Blue,Black
4020,Tunnel,Green,Pink,Purple
4021,Street,Gold,Diamond,Green
4022,Street,Pink,White-blue,Gold
4023,Changingroom,Pink,Gold,Black
4024,Ancient,Pink,White-red,Purple
4025,Changingroom,Blue,Red,Gold
4026,Changingroom,Purple,White,Red
4027,Stadium,Pink,White-purple,Green
4028,Goldenhour,Darkgreen,Yellow,Gold
4029,Tunnel,Blue2,Pink,Red
4030,Goldenhour,Darkblue,White,White
4031,Ancient,Blue,White-red,Purple
4032,Goldenhour,Gold,White-blue,Purple
4033,Goldenhour,Gold,Pink,Blue
4034,Goldenhour,Blue2,White,Gold
4035,Tunnel,Red,White-pink,Black
4036,Changingroom,Gold,White,Purple
4037,Ancient,Purple,White-red,White
4038,Stadium,Blue2,White-blue,Diamond
4039,Street,Pink,Pink,Diamond
4040,Tunnel,Darkgreen,Yellow,White
4041,Ancient,Pink,White-red,Blue
4042,Changingroom,Red,Red,Blue
4043,Ancient,Blue2,Red,Black
4044,Ancient,Darkgreen,Diamond,Red
4045,Ancient,Gold,Yellow,Black
4046,Changingroom,Blue2,White-red,Purple
4047,Ancient,Darkgreen,Blue,White
4048,Goldenhour,Darkgreen,Gold,Diamond
4049,Ancient,Blue2,White-pink,White
4050,Ancient,Darkblue,Blue,Black
4051,Changingroom,Pink,Diamond,Purple
4052,Changingroom,Purple,White-pink,Diamond
4053,Stadium,Red,Diamond,Purple
4054,Changingroom,Purple,Green,Diamond
4055,Stadium,Blue2,Red,Gold
4056,Stadium,Darkgreen,Pink,Diamond
4057,Ancient,Green,White-blue,Black
4058,Tunnel,Red,White-red,Gold
4059,Ancient,Purple,Blue,Black
4060,Street,Red,Yellow,Diamond
4061,Ancient,Blue,Pink,Purple
4062,Ancient,Darkgreen,Green,White
4063,Stadium,Darkgreen,Green,Diamond
4064,Ancient,Red,Purple,Gold
4065,Tunnel,Gold,Yellow,Blue
4066,Goldenhour,Gold,White,Black
4067,Changingroom,Blue,White-pink,Diamond
4068,Ancient,Darkblue,Purple,Black
4069,Street,Gold,White-red,Purple
4070,Ancient,Pink,White-pink,Black
4071,Street,Red,White,Gold
4072,Ancient,Blue2,Pink,Gold
4073,Ancient,Green,White-red,White
4074,Stadium,Gold,White-blue,Red
4075,Changingroom,Gold,White-blue,Diamond
4076,Ancient,Darkgreen,Green,Green
4077,Ancient,Red,White-purple,Red
4078,Street,Purple,White,Black
4079,Ancient,Darkgreen,White-red,Red
4080,Ancient,Darkgreen,Yellow,White
4081,Ancient,Blue2,White,Gold
4082,Stadium,Blue2,Yellow,Gold
4083,Stadium,Pink,Red,Diamond
4084,Stadium,Blue,White-blue,Diamond
4085,Stadium,Red,Blue,Gold
4086,Street,Gold,Red,White
4087,Ancient,Darkgreen,White-blue,Purple
4088,Changingroom,Purple,White-purple,Gold
4089,Ancient,Darkgreen,Purple,White
4090,Goldenhour,Darkgreen,Red,Diamond
4091,Goldenhour,Pink,Red,Diamond
4092,Goldenhour,Red,White-blue,Black
4093,Street,Purple,White-pink,Gold
4094,Goldenhour,Purple,White,Gold
4095,Ancient,Pink,Yellow,White
4096,Tunnel,Red,Purple,Black
4097,Street,Blue,Red,White
4098,Street,Blue2,Diamond,White
4099,Street,Darkblue,Purple,Diamond
4100,Stadium,Pink,Pink,White
4101,Goldenhour,Gold,White-blue,Green
4102,Ancient,Darkblue,White-pink,Green
4103,Tunnel,Blue2,Gold,Red
4104,Ancient,Darkblue,White-pink,Purple
4105,Ancient,Blue2,Green,Black
4106,Street,Darkgreen,White-blue,Gold
4107,Stadium,Green,Pink,Gold
4108,Goldenhour,Darkgreen,Blue,Gold
4109,Stadium,Gold,Red,Green
4110,Stadium,Darkblue,Pink,Green
4111,Ancient,Red,White-red,Blue
4112,Goldenhour,Purple,White-purple,Purple
4113,Stadium,Darkblue,Gold,Green
4114,Ancient,Purple,White,White
4115,Changingroom,Blue2,Yellow,Diamond
4116,Changingroom,Green,Purple,Gold
4117,Ancient,Darkblue,White-purple,Blue
4118,Goldenhour,Gold,White-pink,Purple
4119,Goldenhour,Blue2,Pink,Diamond
4120,Ancient,Purple,Yellow,Red
4121,Street,Green,Diamond,Red
4122,Goldenhour,Darkblue,Gold,Purple
4123,Stadium,Blue,White,Red
4124,Stadium,Blue,Red,Diamond
4125,Changingroom,Green,Gold,Purple
4126,Street,Gold,Green,Red
4127,Changingroom,Green,Gold,Red
4128,Stadium,Gold,White,Diamond
4129,Stadium,Darkblue,Purple,Diamond
4130,Changingroom,Purple,Diamond,Gold
4131,Street,Blue2,White-purple,Gold
4132,Street,Gold,Red,Diamond
4133,Ancient,Green,White-blue,Purple
4134,Street,Blue,White-pink,Black
4135,Ancient,Pink,Pink,Green
4136,Ancient,Blue2,Gold,Purple
4137,Ancient,Purple,Red,Black
4138,Changingroom,Darkblue,Purple,Diamond
4139,Stadium,Darkblue,White-pink,Diamond
4140,Goldenhour,Green,Purple,Gold
4141,Street,Purple,Yellow,Diamond
4142,Changingroom,Purple,Gold,Black
4143,Tunnel,Blue2,White-blue,Black
4144,Ancient,Blue2,White-red,Purple
4145,Changingroom,Red,Yellow,White
4146,Changingroom,Red,White-pink,Gold
4147,Stadium,Green,White-red,Gold
4148,Ancient,Blue2,Blue,White
4149,Changingroom,Gold,Yellow,Red
4150,Tunnel,Darkgreen,White-pink,Gold
4151,Goldenhour,Blue2,Blue,Black
4152,Goldenhour,Green,Diamond,Red
4153,Ancient,Blue2,Red,Green
4154,Tunnel,Pink,Pink,Gold
4155,Tunnel,Blue,Purple,Diamond
4156,Changingroom,Blue,Purple,Diamond
4157,Tunnel,Green,White-pink,Gold
4158,Tunnel,Darkblue,Diamond,Green
4159,Ancient,Gold,Purple,Red
4160,Ancient,Blue,White-blue,Black
4161,Goldenhour,Purple,Gold,Black
4162,Changingroom,Gold,Purple,Red
4163,Ancient,Red,White-pink,Purple
4164,Stadium,Darkgreen,White-red,Diamond
4165,Stadium,Blue,Green,Purple
4166,Ancient,Green,Green,Red
4167,Ancient,Purple,Red,White
4168,Tunnel,Blue2,Red,Gold
4169,Stadium,Red,Purple,Diamond
4170,Ancient,Darkblue,Purple,Blue
4171,Stadium,Gold,White-purple,Blue
4172,Tunnel,Pink,Pink,Diamond
4173,Changingroom,Pink,White-blue,Diamond
4174,Street,Darkblue,Gold,Blue
4175,Ancient,Blue2,Purple,Green
4176,Changingroom,Blue,Purple,Gold
4177,Goldenhour,Blue,Gold,White
4178,Changingroom,Green,Blue,Blue
4179,Changingroom,Gold,Pink,Green
4180,Changingroom,Darkblue,Pink,Green
4181,Ancient,Blue2,Blue,Blue
4182,Goldenhour,Gold,White-blue,White
4183,Tunnel,Blue2,Green,Gold
4184,Ancient,Pink,Yellow,Purple
4185,Stadium,Pink,Gold,Purple
4186,Changingroom,Purple,Gold,Blue
4187,Changingroom,Gold,Blue,White
4188,Tunnel,Darkgreen,White,Green
4189,Stadium,Red,Blue,Green
4190,Changingroom,Darkblue,Blue,Diamond
4191,Ancient,Darkblue,White,Purple
4192,Ancient,Purple,Purple,Gold
4193,Street,Darkblue,Diamond,Purple
4194,Street,Green,Yellow,Gold
4195,Stadium,Blue,Yellow,Gold
4196,Stadium,Gold,Green,Blue
4197,Ancient,Darkblue,White-purple,Black
4198,Tunnel,Blue2,White,Diamond
4199,Street,Purple,Red,Gold
4200,Stadium,Purple,Gold,Black
4201,Stadium,Gold,White-blue,Gold
4202,Goldenhour,Gold,Gold,White
4203,Changingroom,Blue2,Diamond,Green
4204,Stadium,Gold,Blue,Blue
4205,Tunnel,Green,Diamond,Red
4206,Ancient,Darkblue,White-red,Blue
4207,Tunnel,Purple,White-blue,Diamond
4208,Tunnel,Darkblue,Red,Diamond
4209,Changingroom,Pink,Gold,Red
4210,Stadium,Purple,Gold,Diamond
4211,Tunnel,Blue2,White-purple,Gold
4212,Goldenhour,Pink,Purple,Purple
4213,Tunnel,Gold,White-purple,Green
4214,Changingroom,Darkgreen,Diamond,Blue
4215,Ancient,Darkgreen,White-pink,Green
4216,Street,Blue2,Blue,Diamond
4217,Changingroom,Red,Pink,Gold
4218,Tunnel,Darkblue,Yellow,Gold
4219,Ancient,Green,White-red,Black
4220,Goldenhour,Blue,Diamond,Blue
4221,Stadium,Darkblue,Gold,Diamond
4222,Tunnel,Blue2,Diamond,Blue
4223,Changingroom,Green,White-red,White
4224,Street,Blue2,Gold,White
4225,Goldenhour,Gold,Green,Purple
4226,Street,Red,Diamond,Blue
4227,Goldenhour,Blue2,Yellow,Diamond
4228,Goldenhour,Darkblue,White-pink,Diamond
4229,Stadium,Red,White-purple,Gold
4230,Ancient,Red,White,White
4231,Goldenhour,Blue,Diamond,Diamond
4232,Ancient,Blue2,Purple,Purple
4233,Ancient,Red,White-purple,Black
4234,Ancient,Darkblue,Blue,Purple
4235,Stadium,Green,Diamond,Blue
4236,Tunnel,Gold,Yellow,Black
4237,Stadium,Blue,White-pink,Gold
4238,Street,Darkgreen,Blue,Diamond
4239,Street,Red,Gold,Green
4240,Tunnel,Pink,Red,Gold
4241,Stadium,Gold,White-pink,Red
4242,Ancient,Red,Yellow,Gold
4243,Ancient,Purple,Green,Green
4244,Ancient,Darkblue,Pink,Green
4245,Goldenhour,Purple,White-red,Diamond
4246,Ancient,Blue2,Yellow,White
4247,Stadium,Green,Purple,Diamond
4248,Ancient,Blue2,Purple,Red
4249,Tunnel,Red,Gold,Red
4250,Tunnel,Pink,Blue,Diamond
4251,Stadium,Gold,Gold,Black
4252,Changingroom,Darkgreen,Diamond,Diamond
4253,Changingroom,Green,Pink,Diamond
4254,Goldenhour,Red,Red,Purple
4255,Goldenhour,Darkblue,Blue,Gold
4256,Stadium,Green,White-purple,Black
4257,Goldenhour,Darkgreen,Purple,Diamond
4258,Ancient,Purple,White-red,Blue
4259,Tunnel,Gold,Blue,Gold
4260,Changingroom,Purple,Yellow,Gold
4261,Ancient,Purple,White-blue,Diamond
4262,Street,Darkgreen,Diamond,Blue
4263,Ancient,Darkgreen,Yellow,Green
4264,Stadium,Darkblue,Pink,Purple
4265,Stadium,Darkblue,White-blue,Gold
4266,Goldenhour,Blue2,Diamond,Diamond
4267,Tunnel,Blue,Blue,Gold
4268,Tunnel,Gold,White-red,Diamond
4269,Ancient,Blue,Gold,Red
4270,Stadium,Green,Gold,Blue
4271,Tunnel,Blue,Diamond,Purple
4272,Ancient,Gold,Yellow,White
4273,Street,Green,White-pink,Diamond
4274,Ancient,Red,White-blue,White
4275,Ancient,Green,Purple,Black
4276,Ancient,Darkgreen,Blue,Purple
4277,Stadium,Pink,Gold,Black
4278,Changingroom,Blue2,Green,Gold
4279,Stadium,Gold,White-red,Green
4280,Ancient,Blue,Yellow,Diamond
4281,Goldenhour,Gold,Red,Red
4282,Tunnel,Pink,Gold,Green
4283,Street,Red,White-blue,Gold
4284,Goldenhour,Gold,White-purple,Black
4285,Ancient,Purple,Green,Black
4286,Tunnel,Red,Yellow,Purple
4287,Ancient,Purple,White-pink,Green
4288,Street,Green,Red,Black
4289,Changingroom,Darkgreen,Red,Diamond
4290,Stadium,Blue2,White-red,Gold
4291,Street,Gold,White-purple,Black
4292,Goldenhour,Gold,Pink,White
4293,Changingroom,Purple,Gold,White
4294,Street,Green,Gold,Purple
4295,Changingroom,Pink,White,Gold
4296,Stadium,Blue,Purple,Black
4297,Ancient,Blue,White,Green
4298,Stadium,Gold,Red,Red
4299,Ancient,Darkblue,Green,Purple
4300,Tunnel,Darkblue,Gold,Green
4301,Tunnel,Blue,Gold,Blue
4302,Tunnel,Gold,White,Diamond
4303,Stadium,Darkblue,Diamond,Blue
4304,Ancient,Gold,Pink,White
4305,Ancient,Blue2,Gold,Blue
4306,Street,Gold,Pink,Green
4307,Changingroom,Green,Blue,Green
4308,Stadium,Pink,Diamond,Blue
4309,Goldenhour,Green,White-red,Gold
4310,Changingroom,Green,Blue,White
4311,Tunnel,Darkgreen,Gold,Green
4312,Street,Gold,Blue,Purple
4313,Ancient,Purple,Pink,White
4314,Ancient,Blue2,Green,Gold
4315,Ancient,Blue,Pink,Gold
4316,Stadium,Blue,White,Diamond
4317,Tunnel,Darkgreen,White-blue,Diamond
4318,Stadium,Gold,White-purple,Diamond
4319,Street,Blue,Diamond,Red
4320,Tunnel,Darkblue,Gold,Blue
4321,Street,Pink,Diamond,Blue
4322,Changingroom,Darkgreen,Gold,Gold
4323,Stadium,Gold,Pink,Black
4324,Ancient,Blue2,Pink,Blue
4325,Street,Green,Gold,White
4326,Street,Gold,White-purple,Gold
4327,Ancient,Blue2,Purple,Black
4328,Tunnel,Gold,Red,Black
4329,Street,Blue2,Pink,Purple
4330,Street,Darkgreen,Blue,Gold
4331,Stadium,Darkgreen,Diamond,Gold
4332,Changingroom,Gold,Diamond,White
4333,Goldenhour,Gold,Diamond,Diamond
4334,Changingroom,Blue,Blue,Diamond
4335,Ancient,Blue2,White-pink,Diamond
4336,Goldenhour,Purple,Diamond,Purple
4337,Goldenhour,Green,White-pink,Diamond
4338,Goldenhour,Blue,Blue,Diamond
4339,Changingroom,Red,Blue,Diamond
4340,Ancient,Red,Purple,Black
4341,Changingroom,Darkgreen,Diamond,Green
4342,Changingroom,Pink,White-pink,White
4343,Street,Green,White-red,Diamond
4344,Tunnel,Darkgreen,White-purple,Diamond
4345,Goldenhour,Gold,Diamond,Green
4346,Tunnel,Red,White-blue,Gold
4347,Ancient,Darkgreen,White,Diamond
4348,Changingroom,Darkblue,Green,Gold
4349,Ancient,Purple,White-blue,Blue
4350,Goldenhour,Red,Yellow,Diamond
4351,Street,Green,Yellow,Diamond
4352,Street,Darkgreen,Green,Diamond
4353,Tunnel,Blue2,White-red,Gold
4354,Stadium,Darkgreen,Blue,Diamond
4355,Street,Pink,Green,Diamond
4356,Ancient,Blue2,Yellow,Diamond
4357,Changingroom,Blue,White-pink,Gold
4358,Tunnel,Red,Yellow,Gold
4359,Street,Gold,White-blue,Green
4360,Street,Pink,Yellow,Diamond
4361,Ancient,Gold,Red,Blue
4362,Stadium,Blue2,White-red,Blue
4363,Tunnel,Gold,Red,Purple
4364,Stadium,Gold,Green,White
4365,Ancient,Darkgreen,Red,Gold
4366,Ancient,Pink,White,Black
4367,Ancient,Purple,Red,Red
4368,Tunnel,Blue,Gold,Purple
4369,Changingroom,Gold,Blue,Diamond
4370,Goldenhour,Darkblue,Diamond,Purple
4371,Ancient,Darkgreen,White-pink,Purple
4372,Goldenhour,Darkblue,Green,Gold
4373,Changingroom,Darkgreen,Blue,Diamond
4374,Street,Blue,Gold,Diamond
4375,Tunnel,Pink,White,Purple
4376,Tunnel,Blue2,Red,Diamond
4377,Ancient,Pink,Red,Black
4378,Ancient,Red,White-red,Black
4379,Tunnel,Pink,Diamond,Black
4380,Ancient,Green,White-red,Gold
4381,Changingroom,Gold,Blue,Blue
4382,Street,Purple,Purple,Diamond
4383,Changingroom,Blue2,Diamond,Purple
4384,Street,Blue,Purple,Diamond
4385,Stadium,Darkblue,Diamond,Diamond
4386,Changingroom,Darkblue,Red,Diamond
4387,Tunnel,Darkgreen,Diamond,Gold
4388,Ancient,Darkgreen,Gold,Gold
4389,Tunnel,Darkgreen,Yellow,Gold
4390,Street,Blue,Diamond,Purple
4391,Stadium,Darkgreen,Diamond,White
4392,Goldenhour,Green,White-pink,Gold
4393,Goldenhour,Pink,Purple,Diamond
4394,Ancient,Pink,White,Red
4395,Ancient,Purple,Blue,Purple
4396,Ancient,Green,White-purple,Red
4397,Goldenhour,Darkgreen,Gold,Black
4398,Stadium,Darkgreen,Green,Gold
4399,Ancient,Gold,Pink,Purple
4400,Goldenhour,Purple,Yellow,Gold
4401,Changingroom,Blue,White,Gold
4402,Street,Darkgreen,Gold,Purple
4403,Stadium,Pink,Blue,Blue
4404,Changingroom,Green,White-red,Gold
4405,Street,Darkblue,Pink,Diamond
4406,Ancient,Red,White-blue,Blue
4407,Tunnel,Blue2,Diamond,Green
4408,Street,Blue2,Blue,Black
4409,Stadium,Green,Gold,Green
4410,Street,Darkgreen,White-purple,Gold
4411,Tunnel,Pink,Green,Diamond
4412,Changingroom,Blue2,White,Diamond
4413,Street,Darkblue,Yellow,Gold
4414,Ancient,Pink,White-blue,Purple
4415,Changingroom,Red,Yellow,Green
4416,Changingroom,Blue2,Diamond,Blue
4417,Changingroom,Darkblue,Purple,Gold
4418,Stadium,Gold,Gold,White
4419,Ancient,Darkblue,Red,Diamond
4420,Ancient,Purple,Purple,Green
4421,Ancient,Blue,Yellow,White
4422,Changingroom,Blue2,White-red,Gold
4423,Goldenhour,Pink,Green,Diamond
4424,Ancient,Gold,Gold,Black
4425,Stadium,Darkgreen,White-pink,Diamond
4426,Stadium,Gold,Blue,Red
4427,Ancient,Blue,Red,Blue
4428,Ancient,Purple,Gold,White
4429,Tunnel,Darkgreen,White-purple,Gold
4430,Street,Purple,Diamond,Green
4431,Changingroom,Pink,Purple,Gold
4432,Changingroom,Darkgreen,Pink,Diamond
4433,Changingroom,Gold,White-purple,Purple
4434,Tunnel,Green,Diamond,Black
4435,Ancient,Darkgreen,White-purple,Black
4436,Ancient,Green,Yellow,Black
4437,Goldenhour,Blue,White-blue,Diamond
4438,Goldenhour,Darkblue,Pink,Diamond
4439,Street,Gold,Yellow,Red
4440,Ancient,Purple,Pink,Purple
4441,Tunnel,Blue2,Purple,Diamond
4442,Stadium,Gold,Blue,Diamond
4443,Street,Darkgreen,Gold,Diamond
4444,Ancient,Blue2,White-pink,Red
